training_seed,method_key,method,checkpoint,checkpoint_path,checkpoint_step,checkpoint_label,eval_seed,scenario,episodes,success_rate,collision_rate,near_miss_rate,progress,mean_min_distance,episode_min_distance,episode_length,episode_reward,raw_unsafe_action_rate,raw_safe_margin_unsafe_action_rate,action_norm,action_delta,no_response_rate,raw_min_predicted_cpa,nan_or_crash,source_phase,breakdown_type,breakdown_key,threat_motion_mode,threat_class
2,p3_s2_1500k,P3_block_projected_seed2_1500k,p3_s2_1500k,checkpoints/env_v2_gpsi_heada_ppo_n3pf_ms_block_projected_s2/checkpoint_1500k.zip,1500000,1500k,1000,eval_flow_high_density,50,0.4,0.6,0.38,0.9207403401329411,4.493156179314493,0.699325333237648,102.2,27.597891743221243,0.3008937296339077,0.3418835988315703,1.5563581844797865,0.1157623239548793,0.0,2.5875689216482542,0,,scenario,eval_flow_high_density,,
2,p3_s2_1500k,P3_block_projected_seed2_1500k,p3_s2_1500k,checkpoints/env_v2_gpsi_heada_ppo_n3pf_ms_block_projected_s2/checkpoint_1500k.zip,1500000,1500k,1000,eval_flow_high_speed,50,0.38,0.62,0.36,0.9544403546331646,4.393897721281166,0.6755133798718452,106.78,28.633244969600028,0.2718542581058415,0.3189995112537672,1.5505122293527032,0.114140538042779,0.0,2.6535320880527165,0,,scenario,eval_flow_high_speed,,
2,p3_s2_1500k,P3_block_projected_seed2_1500k,p3_s2_1500k,checkpoints/env_v2_gpsi_heada_ppo_n3pf_ms_block_projected_s2/checkpoint_1500k.zip,1500000,1500k,1000,eval_flow_high_threat,50,0.48,0.52,0.44,0.9709878699682588,4.812438671088509,0.731483598947525,109.92,31.126439563878016,0.2660486054055544,0.3040972259388343,1.5455079894097643,0.1204760890468206,0.0,2.9752871666965706,0,,scenario,eval_flow_high_threat,,
2,p3_s2_1500k,P3_block_projected_seed2_1500k,p3_s2_1500k,checkpoints/env_v2_gpsi_heada_ppo_n3pf_ms_block_projected_s2/checkpoint_1500k.zip,1500000,1500k,1000,eval_flow_id,50,0.52,0.48,0.48,0.9669326318805664,5.092163698544914,0.7429703882336617,104.46,31.899823281739096,0.255227516732715,0.2870183409931329,1.5568071653805702,0.0994124939250871,0.0,3.0752730477274697,0,,scenario,eval_flow_id,,
2,p3_s2_1500k,P3_block_projected_seed2_1500k,p3_s2_1500k,checkpoints/env_v2_gpsi_heada_ppo_n3pf_ms_block_projected_s2/checkpoint_1500k.zip,1500000,1500k,1000,eval_flow_mixed_ood,50,0.34,0.66,0.32,0.9408416812503718,4.589200633900566,0.651272374689579,104.34,27.308858986228657,0.277403161200604,0.3227445775620661,1.5566016294152203,0.113980755126215,0.0,2.754754099856338,0,,scenario,eval_flow_mixed_ood,,
2,p3_s2_1500k,P3_block_projected_seed2_1500k,p3_s2_1500k,checkpoints/env_v2_gpsi_heada_ppo_n3pf_ms_block_projected_s2/checkpoint_1500k.zip,1500000,1500k,1000,eval_flow_sudden_threat,50,0.46,0.54,0.46,0.963616807750014,4.8949780750139045,0.7108079773187638,104.1,30.532132886733866,0.2422040040829254,0.2832513593694541,1.5541159131615387,0.1032206121922043,0.0,2.884335638974071,0,,scenario,eval_flow_sudden_threat,,
2,p3_s2_1500k,P3_block_projected_seed2_1500k,p3_s2_1500k,checkpoints/env_v2_gpsi_heada_ppo_n3pf_ms_block_projected_s2/checkpoint_1500k.zip,1500000,1500k,1001,eval_flow_high_density,50,0.38,0.62,0.36,0.9204111984300896,4.484266770633867,0.6961541944742202,101.8,27.141451179138706,0.3011728859614511,0.3420324822062601,1.5585514492635462,0.1129736665749949,0.0,2.5764980428340385,0,,scenario,eval_flow_high_density,,
2,p3_s2_1500k,P3_block_projected_seed2_1500k,p3_s2_1500k,checkpoints/env_v2_gpsi_heada_ppo_n3pf_ms_block_projected_s2/checkpoint_1500k.zip,1500000,1500k,1001,eval_flow_high_speed,50,0.38,0.62,0.36,0.9548677100566294,4.402531584832875,0.6784978416562081,106.58,28.63919575045801,0.2718835359197647,0.318781554194561,1.5512994926124697,0.1125523415062056,0.0,2.649333915248281,0,,scenario,eval_flow_high_speed,,
2,p3_s2_1500k,P3_block_projected_seed2_1500k,p3_s2_1500k,checkpoints/env_v2_gpsi_heada_ppo_n3pf_ms_block_projected_s2/checkpoint_1500k.zip,1500000,1500k,1001,eval_flow_high_threat,50,0.46,0.54,0.42,0.9706611748579942,4.819292576298339,0.7160703575611115,109.9,30.66044105952982,0.2673122623834971,0.3053670672086755,1.5457258729040035,0.1197962122359336,0.0,2.9775651619827124,0,,scenario,eval_flow_high_threat,,
2,p3_s2_1500k,P3_block_projected_seed2_1500k,p3_s2_1500k,checkpoints/env_v2_gpsi_heada_ppo_n3pf_ms_block_projected_s2/checkpoint_1500k.zip,1500000,1500k,1001,eval_flow_id,50,0.52,0.48,0.48,0.967264240786256,5.079086309976853,0.7386161854863167,104.54,31.90350997277605,0.2550144340848497,0.2860720033511431,1.5565645461419717,0.0987159115480368,0.0,3.072287412262976,0,,scenario,eval_flow_id,,
2,p3_s2_1500k,P3_block_projected_seed2_1500k,p3_s2_1500k,checkpoints/env_v2_gpsi_heada_ppo_n3pf_ms_block_projected_s2/checkpoint_1500k.zip,1500000,1500k,1001,eval_flow_mixed_ood,50,0.32,0.68,0.3,0.9405871132249394,4.597793721116077,0.6497580018639565,104.02,26.903064536895684,0.2775559938751758,0.3239356184052809,1.557866807904445,0.1121117345439004,0.0,2.7538167988372506,0,,scenario,eval_flow_mixed_ood,,
2,p3_s2_1500k,P3_block_projected_seed2_1500k,p3_s2_1500k,checkpoints/env_v2_gpsi_heada_ppo_n3pf_ms_block_projected_s2/checkpoint_1500k.zip,1500000,1500k,1001,eval_flow_sudden_threat,50,0.44,0.56,0.44,0.9588493121022444,4.895858995631301,0.7053199768066406,103.66,29.946726210954207,0.241645029723951,0.2822923850104798,1.5546554621210265,0.1029167042473501,0.0,2.889898862192817,0,,scenario,eval_flow_sudden_threat,,
2,p3_s2_1500k,P3_block_projected_seed2_1500k,p3_s2_1500k,checkpoints/env_v2_gpsi_heada_ppo_n3pf_ms_block_projected_s2/checkpoint_1500k.zip,1500000,1500k,1002,eval_flow_high_density,50,0.38,0.62,0.36,0.9202320605544848,4.475453615905822,0.699850143790245,102.26,27.12546731329612,0.3026395526281177,0.3437495553769918,1.558010927330929,0.1156637989485906,0.0,2.566086793093932,0,,scenario,eval_flow_high_density,,
2,p3_s2_1500k,P3_block_projected_seed2_1500k,p3_s2_1500k,checkpoints/env_v2_gpsi_heada_ppo_n3pf_ms_block_projected_s2/checkpoint_1500k.zip,1500000,1500k,1002,eval_flow_high_speed,50,0.38,0.62,0.36,0.9549050629390904,4.413689863741139,0.675150126516819,106.38,28.64582592966289,0.2696679373107234,0.3172837896640095,1.5514881385902612,0.1117380149193293,0.0,2.6514894307076986,0,,scenario,eval_flow_high_speed,,
2,p3_s2_1500k,P3_block_projected_seed2_1500k,p3_s2_1500k,checkpoints/env_v2_gpsi_heada_ppo_n3pf_ms_block_projected_s2/checkpoint_1500k.zip,1500000,1500k,1002,eval_flow_high_threat,50,0.46,0.54,0.42,0.9707886450890092,4.843065304313372,0.7165448486804962,110.18,30.661480526064143,0.2650503576215923,0.3037202418118501,1.5455095344043326,0.1205138326847786,0.0,3.008889399703507,0,,scenario,eval_flow_high_threat,,
2,p3_s2_1500k,P3_block_projected_seed2_1500k,p3_s2_1500k,checkpoints/env_v2_gpsi_heada_ppo_n3pf_ms_block_projected_s2/checkpoint_1500k.zip,1500000,1500k,1002,eval_flow_id,50,0.54,0.46,0.5,0.9679793669462308,5.054514384491614,0.7398345246911049,105.38,32.31522671951618,0.2558406597022939,0.2876992376461813,1.5556213522557425,0.101604999571092,0.0,3.049887289242893,0,,scenario,eval_flow_id,,
2,p3_s2_1500k,P3_block_projected_seed2_1500k,p3_s2_1500k,checkpoints/env_v2_gpsi_heada_ppo_n3pf_ms_block_projected_s2/checkpoint_1500k.zip,1500000,1500k,1002,eval_flow_mixed_ood,50,0.32,0.68,0.3,0.9407822812147596,4.615821784985852,0.6495538249611854,103.26,26.92271205116476,0.2758862013204727,0.3215679003035474,1.558632540072682,0.1098335025042157,0.0,2.770249791461316,0,,scenario,eval_flow_mixed_ood,,
2,p3_s2_1500k,P3_block_projected_seed2_1500k,p3_s2_1500k,checkpoints/env_v2_gpsi_heada_ppo_n3pf_ms_block_projected_s2/checkpoint_1500k.zip,1500000,1500k,1002,eval_flow_sudden_threat,50,0.44,0.56,0.44,0.9610892971566384,4.911403745921114,0.7088932013511657,103.82,30.026077559823293,0.2410885079848206,0.2810836893583059,1.554849578378611,0.1026744596539073,0.0,2.901776573853924,0,,scenario,eval_flow_sudden_threat,,
0,p3_s0_1500k,P3_block_projected_1500k,P3_block_projected_1500k,checkpoints/env_v2_gpsi_heada_ppo_n3pf_block_projected_s0/checkpoint_1500k.zip,1500000,1500k,1000,eval_flow_high_density,50,0.58,0.42,0.58,0.939526067957397,4.328267643082986,0.7438231861591339,112.12,32.51240677813867,0.3668629067685496,0.4098521776722496,1.555109060837417,0.1541864888120823,0.0,2.305570731237271,0,N3PF-V,scenario,eval_flow_high_density,,
0,p3_s0_1500k,P3_block_projected_1500k,P3_block_projected_1500k,checkpoints/env_v2_gpsi_heada_ppo_n3pf_block_projected_s0/checkpoint_1500k.zip,1500000,1500k,1000,eval_flow_high_speed,50,0.56,0.44,0.5,0.9511709328832066,4.88371882601391,0.8208246803283692,117.86,32.60258183272877,0.2481605089703789,0.2989316476938176,1.5552047172452266,0.1467237025889398,0.0,3.005499883323904,0,N3PF-V,scenario,eval_flow_high_speed,,
0,p3_s0_1500k,P3_block_projected_1500k,P3_block_projected_1500k,checkpoints/env_v2_gpsi_heada_ppo_n3pf_block_projected_s0/checkpoint_1500k.zip,1500000,1500k,1000,eval_flow_high_threat,50,0.6,0.4,0.58,0.9703945973200166,4.664034107842646,0.7845485258102417,120.6,34.03414576242102,0.3057862680241021,0.3423076632129253,1.5171911538974396,0.1637866563947305,0.0,2.7777995425832827,0,N3PF-V,scenario,eval_flow_high_threat,,
0,p3_s0_1500k,P3_block_projected_1500k,P3_block_projected_1500k,checkpoints/env_v2_gpsi_heada_ppo_n3pf_block_projected_s0/checkpoint_1500k.zip,1500000,1500k,1000,eval_flow_id,50,0.66,0.34,0.64,0.9569688827136232,4.850834837293876,0.7909553581476212,112.46,34.859831907840274,0.3299335434188035,0.3636517415871854,1.546998207343627,0.1496390485822186,0.0,2.7538673677338905,0,N3PF-V,scenario,eval_flow_id,,
0,p3_s0_1500k,P3_block_projected_1500k,P3_block_projected_1500k,checkpoints/env_v2_gpsi_heada_ppo_n3pf_block_projected_s0/checkpoint_1500k.zip,1500000,1500k,1000,eval_flow_mixed_ood,50,0.7,0.3,0.7,0.9421928257165196,4.496304599427353,0.846585505604744,113.68,35.17009385641697,0.3182257791660237,0.3699855078890878,1.5443181452354315,0.1544507259376318,0.0,2.533198505402208,0,N3PF-V,scenario,eval_flow_mixed_ood,,
0,p3_s0_1500k,P3_block_projected_1500k,P3_block_projected_1500k,checkpoints/env_v2_gpsi_heada_ppo_n3pf_block_projected_s0/checkpoint_1500k.zip,1500000,1500k,1000,eval_flow_sudden_threat,50,0.62,0.38,0.58,0.9648319011380038,4.686708119330733,0.7886270847916603,114.42,34.29402939644656,0.3097108498899723,0.3544162737729474,1.5329174218454096,0.1533569955295499,0.0,2.587746316041253,0,N3PF-V,scenario,eval_flow_sudden_threat,,
0,p3_s0_1500k,P3_block_projected_1500k,P3_block_projected_1500k,checkpoints/env_v2_gpsi_heada_ppo_n3pf_block_projected_s0/checkpoint_1500k.zip,1500000,1500k,1001,eval_flow_high_density,50,0.58,0.42,0.58,0.9394562779440708,4.308693379207583,0.7491250801086425,111.92,32.51142870772823,0.3674672667944508,0.4111788918243468,1.5563675189870398,0.1546354153513324,0.0,2.2906500434458548,0,N3PF-V,scenario,eval_flow_high_density,,
0,p3_s0_1500k,P3_block_projected_1500k,P3_block_projected_1500k,checkpoints/env_v2_gpsi_heada_ppo_n3pf_block_projected_s0/checkpoint_1500k.zip,1500000,1500k,1001,eval_flow_high_speed,50,0.56,0.44,0.5,0.9511513399114248,4.870021971001218,0.8135554778575897,117.88,32.60429336778607,0.2484448226958691,0.2997131602988596,1.5547197457671875,0.1477461213647729,0.0,3.0012146421898,0,N3PF-V,scenario,eval_flow_high_speed,,
0,p3_s0_1500k,P3_block_projected_1500k,P3_block_projected_1500k,checkpoints/env_v2_gpsi_heada_ppo_n3pf_block_projected_s0/checkpoint_1500k.zip,1500000,1500k,1001,eval_flow_high_threat,50,0.6,0.4,0.58,0.9703542305438952,4.656775818063763,0.7916579806804657,120.58,34.033364871738065,0.306670757413078,0.343363068425858,1.5172575914010218,0.1647647994098765,0.0,2.7631405932088144,0,N3PF-V,scenario,eval_flow_high_threat,,
0,p3_s0_1500k,P3_block_projected_1500k,P3_block_projected_1500k,checkpoints/env_v2_gpsi_heada_ppo_n3pf_block_projected_s0/checkpoint_1500k.zip,1500000,1500k,1001,eval_flow_id,50,0.66,0.34,0.64,0.9567821877160624,4.839785295467242,0.7885527831315994,112.6,34.855237498004094,0.3314356442591396,0.3654689684779417,1.5477030188094674,0.1500250914201918,0.0,2.741131003134301,0,N3PF-V,scenario,eval_flow_id,,
0,p3_s0_1500k,P3_block_projected_1500k,P3_block_projected_1500k,checkpoints/env_v2_gpsi_heada_ppo_n3pf_block_projected_s0/checkpoint_1500k.zip,1500000,1500k,1001,eval_flow_mixed_ood,50,0.68,0.32,0.68,0.9421272989270668,4.482030957137794,0.8317158490419387,114.02,34.76517248220068,0.3219754931902745,0.3733737485662785,1.5430316019082202,0.1562551473214111,0.0,2.5235831776086,0,N3PF-V,scenario,eval_flow_mixed_ood,,
0,p3_s0_1500k,P3_block_projected_1500k,P3_block_projected_1500k,checkpoints/env_v2_gpsi_heada_ppo_n3pf_block_projected_s0/checkpoint_1500k.zip,1500000,1500k,1001,eval_flow_sudden_threat,50,0.6,0.4,0.56,0.9646343275383628,4.668200400771485,0.7836176481842995,114.52,33.89080138503922,0.3113163341889551,0.3554880709128559,1.5329822548391498,0.1541542978000747,0.0,2.574962604245661,0,N3PF-V,scenario,eval_flow_sudden_threat,,
0,p3_s0_1500k,P3_block_projected_1500k,P3_block_projected_1500k,checkpoints/env_v2_gpsi_heada_ppo_n3pf_block_projected_s0/checkpoint_1500k.zip,1500000,1500k,1002,eval_flow_high_density,50,0.58,0.42,0.58,0.9422539553505312,4.301633833102269,0.7471739798784256,112.34,32.673169882248025,0.3699339334611175,0.4140622251576802,1.5558359396157462,0.1552952394788501,0.0,2.278894102904544,0,N3PF-V,scenario,eval_flow_high_density,,
0,p3_s0_1500k,P3_block_projected_1500k,P3_block_projected_1500k,checkpoints/env_v2_gpsi_heada_ppo_n3pf_block_projected_s0/checkpoint_1500k.zip,1500000,1500k,1002,eval_flow_high_speed,50,0.56,0.44,0.5,0.9482960579351845,4.886853563764456,0.8114363181591034,117.28,32.44724562556147,0.2469378540547542,0.298580756117675,1.554570514158036,0.1473766216494066,0.0,3.0017290453663503,0,N3PF-V,scenario,eval_flow_high_speed,,
0,p3_s0_1500k,P3_block_projected_1500k,P3_block_projected_1500k,checkpoints/env_v2_gpsi_heada_ppo_n3pf_block_projected_s0/checkpoint_1500k.zip,1500000,1500k,1002,eval_flow_high_threat,50,0.62,0.38,0.6,0.9709490102300832,4.664848430857286,0.795247243642807,120.54,34.45392086548461,0.3055178752075643,0.3438173290774871,1.5172643012687974,0.1641551624636173,0.0,2.7644129301310416,0,N3PF-V,scenario,eval_flow_high_threat,,
0,p3_s0_1500k,P3_block_projected_1500k,P3_block_projected_1500k,checkpoints/env_v2_gpsi_heada_ppo_n3pf_block_projected_s0/checkpoint_1500k.zip,1500000,1500k,1002,eval_flow_id,50,0.66,0.34,0.64,0.9563532015096876,4.866074132442204,0.7924166619777679,112.26,34.84374335270833,0.3303224514410288,0.3655251745669347,1.5480657998003358,0.1496390904518736,0.0,2.7486405803021534,0,N3PF-V,scenario,eval_flow_id,,
0,p3_s0_1500k,P3_block_projected_1500k,P3_block_projected_1500k,checkpoints/env_v2_gpsi_heada_ppo_n3pf_block_projected_s0/checkpoint_1500k.zip,1500000,1500k,1002,eval_flow_mixed_ood,50,0.66,0.34,0.66,0.9416203788125936,4.493361663373796,0.824256374835968,113.6,34.34783726346991,0.3191841398068158,0.3696707410474815,1.543071125094985,0.1559999908126242,0.0,2.532384869211486,0,N3PF-V,scenario,eval_flow_mixed_ood,,
0,p3_s0_1500k,P3_block_projected_1500k,P3_block_projected_1500k,checkpoints/env_v2_gpsi_heada_ppo_n3pf_block_projected_s0/checkpoint_1500k.zip,1500000,1500k,1002,eval_flow_sudden_threat,50,0.62,0.38,0.58,0.9648954897080076,4.675669178788699,0.7943867096304893,114.36,34.301758486982095,0.3102100167775529,0.3544064068142427,1.53267888488173,0.1545574401790832,0.0,2.570055631913091,0,N3PF-V,scenario,eval_flow_sudden_threat,,
2,p3_s2_1500k,P3_block_projected_seed2_1500k,p3_s2_1500k,checkpoints/env_v2_gpsi_heada_ppo_n3pf_ms_block_projected_s2/checkpoint_1500k.zip,1500000,1500k,1000,,55,0.4363636363636363,0.5636363636363636,0.4,0.9599115531156558,4.710750293542021,0.6956394163045017,105.03636363636365,29.886659404452395,0.2786794472636969,0.3108855995884184,1.5513615406151664,0.1030801958157049,0.0,2.761974878799038,0,,motion,accel_decel,accel_decel,
2,p3_s2_1500k,P3_block_projected_seed2_1500k,p3_s2_1500k,checkpoints/env_v2_gpsi_heada_ppo_n3pf_ms_block_projected_s2/checkpoint_1500k.zip,1500000,1500k,1000,,88,0.4204545454545454,0.5795454545454546,0.375,0.9603481214523484,4.715839020641793,0.7118704998019066,105.9318181818182,29.616039183208333,0.2606762386517199,0.3018460659493044,1.5551853208472908,0.110953844005576,0.0,2.861737221291948,0,,motion,ar1_velocity,ar1_velocity,
2,p3_s2_1500k,P3_block_projected_seed2_1500k,p3_s2_1500k,checkpoints/env_v2_gpsi_heada_ppo_n3pf_ms_block_projected_s2/checkpoint_1500k.zip,1500000,1500k,1000,,49,0.4489795918367347,0.5510204081632653,0.4489795918367347,0.966117003358118,4.714374568919425,0.6799040394169944,108.24489795918367,30.396098651640926,0.2640054730728942,0.3014010660295469,1.5539712679077882,0.1120730220895055,0.0,2.8167238560722376,0,,motion,crossing_or_sudden_threat,crossing_or_sudden_threat,
2,p3_s2_1500k,P3_block_projected_seed2_1500k,p3_s2_1500k,checkpoints/env_v2_gpsi_heada_ppo_n3pf_ms_block_projected_s2/checkpoint_1500k.zip,1500000,1500k,1000,,31,0.3548387096774194,0.6451612903225806,0.3548387096774194,0.9017034665673684,4.803026247519882,0.6963092454018132,99.87096774193547,26.279648957378587,0.2904755103395893,0.3386708455867887,1.5573485699221916,0.1136575489473615,0.0,2.7820373434297347,0,,motion,linear,linear,
2,p3_s2_1500k,P3_block_projected_seed2_1500k,p3_s2_1500k,checkpoints/env_v2_gpsi_heada_ppo_n3pf_ms_block_projected_s2/checkpoint_1500k.zip,1500000,1500k,1000,,77,0.4545454545454545,0.5454545454545454,0.4415584415584415,0.9516840719930116,4.672837421372994,0.7112077428148939,105.07792207792208,29.88134941030764,0.2658918981314756,0.3113132528298857,1.5505398025521284,0.1156016814583224,0.0,2.8380964642372866,0,,motion,sinusoidal_lateral,sinusoidal_lateral,
2,p3_s2_1500k,P3_block_projected_seed2_1500k,p3_s2_1500k,checkpoints/env_v2_gpsi_heada_ppo_n3pf_ms_block_projected_s2/checkpoint_1500k.zip,1500000,1500k,1001,,57,0.4385964912280701,0.5614035087719298,0.4035087719298245,0.9607246262597996,4.720249359530842,0.7024532002315187,104.94736842105264,29.97581146719577,0.2769609644561938,0.3100933892290122,1.5521137326605308,0.1017795821488103,0.0,2.7723802949306995,0,,motion,accel_decel,accel_decel,
2,p3_s2_1500k,P3_block_projected_seed2_1500k,p3_s2_1500k,checkpoints/env_v2_gpsi_heada_ppo_n3pf_ms_block_projected_s2/checkpoint_1500k.zip,1500000,1500k,1001,,85,0.4,0.6,0.3529411764705882,0.959564809813119,4.722487399568975,0.7070863550200182,105.67058823529412,29.159331725261268,0.2598989542918912,0.3012854278529264,1.5561494971277348,0.1094549937641288,0.0,2.864619260785388,0,,motion,ar1_velocity,ar1_velocity,
2,p3_s2_1500k,P3_block_projected_seed2_1500k,p3_s2_1500k,checkpoints/env_v2_gpsi_heada_ppo_n3pf_ms_block_projected_s2/checkpoint_1500k.zip,1500000,1500k,1001,,51,0.4509803921568627,0.5490196078431373,0.4509803921568627,0.9624763363697664,4.715678077108434,0.6767168161915798,107.7843137254902,30.30907460583952,0.2649798360105126,0.3012499410933323,1.554378968015271,0.1112242132587222,0.0,2.818007333726014,0,,motion,crossing_or_sudden_threat,crossing_or_sudden_threat,
2,p3_s2_1500k,P3_block_projected_seed2_1500k,p3_s2_1500k,checkpoints/env_v2_gpsi_heada_ppo_n3pf_ms_block_projected_s2/checkpoint_1500k.zip,1500000,1500k,1001,,30,0.3,0.7,0.3,0.8984416536660771,4.811294072507056,0.6816688736279806,98.93333333333334,24.96701945342773,0.2906251315447212,0.339355729255827,1.5593754799521249,0.1101588791626338,0.0,2.780940454410623,0,,motion,linear,linear,
2,p3_s2_1500k,P3_block_projected_seed2_1500k,p3_s2_1500k,checkpoints/env_v2_gpsi_heada_ppo_n3pf_ms_block_projected_s2/checkpoint_1500k.zip,1500000,1500k,1001,,77,0.4415584415584415,0.5584415584415584,0.4285714285714285,0.9515348334693968,4.657629238442893,0.7028056034794101,105.14285714285714,29.58157917804688,0.2677700704641934,0.3129227544393874,1.5511090878249718,0.1152080081729102,0.0,2.822144260230526,0,,motion,sinusoidal_lateral,sinusoidal_lateral,
2,p3_s2_1500k,P3_block_projected_seed2_1500k,p3_s2_1500k,checkpoints/env_v2_gpsi_heada_ppo_n3pf_ms_block_projected_s2/checkpoint_1500k.zip,1500000,1500k,1002,,58,0.4482758620689655,0.5517241379310345,0.4137931034482758,0.9613282132098956,4.749064031646781,0.7056036303783285,105.36206896551724,30.196757982085916,0.2757830839024584,0.3091743508792247,1.551766281581903,0.1032442109896609,0.0,2.806402655418712,0,,motion,accel_decel,accel_decel,
2,p3_s2_1500k,P3_block_projected_seed2_1500k,p3_s2_1500k,checkpoints/env_v2_gpsi_heada_ppo_n3pf_ms_block_projected_s2/checkpoint_1500k.zip,1500000,1500k,1002,,85,0.4117647058823529,0.5882352941176471,0.3647058823529411,0.9608640362227666,4.7129020478254064,0.7094957129043691,106.2235294117647,29.431880923427855,0.259446324068704,0.3010416331188926,1.5556596986090343,0.1110425856723435,0.0,2.8566288187760214,0,,motion,ar1_velocity,ar1_velocity,
2,p3_s2_1500k,P3_block_projected_seed2_1500k,p3_s2_1500k,checkpoints/env_v2_gpsi_heada_ppo_n3pf_ms_block_projected_s2/checkpoint_1500k.zip,1500000,1500k,1002,,50,0.46,0.54,0.46,0.9627256880994054,4.705131416630503,0.6784380507469178,108.0,30.483566541515653,0.2649186079884548,0.3017079296059207,1.5542480401840073,0.1115480441925002,0.0,2.8053866079008065,0,,motion,crossing_or_sudden_threat,crossing_or_sudden_threat,
2,p3_s2_1500k,P3_block_projected_seed2_1500k,p3_s2_1500k,checkpoints/env_v2_gpsi_heada_ppo_n3pf_ms_block_projected_s2/checkpoint_1500k.zip,1500000,1500k,1002,,30,0.3,0.7,0.3,0.8985039084701787,4.8298912040208295,0.6760893483956655,98.6,24.97806975210253,0.2869324671963191,0.3368594550382413,1.5596898899151106,0.1088016681845066,0.0,2.78453298017632,0,,motion,linear,linear,
2,p3_s2_1500k,P3_block_projected_seed2_1500k,p3_s2_1500k,checkpoints/env_v2_gpsi_heada_ppo_n3pf_ms_block_projected_s2/checkpoint_1500k.zip,1500000,1500k,1002,,77,0.4285714285714285,0.5714285714285714,0.4155844155844156,0.951518890789947,4.668853767728867,0.7020078487210459,104.75324675324676,29.32723693357352,0.2676155844273544,0.3122518105259757,1.5515452744344922,0.1147168070050123,0.0,2.831543383020603,0,,motion,sinusoidal_lateral,sinusoidal_lateral,
0,p3_s0_1500k,P3_block_projected_1500k,P3_block_projected_1500k,checkpoints/env_v2_gpsi_heada_ppo_n3pf_block_projected_s0/checkpoint_1500k.zip,1500000,1500k,1000,,63,0.5238095238095238,0.4761904761904761,0.5238095238095238,0.9522621084811592,4.682526521582167,0.7236363405273074,114.9047619047619,31.90951759808356,0.2999007305769445,0.3451123305110052,1.5438683025770872,0.1499583350181931,0.0,2.684503015209013,0,N3PF-V,motion,accel_decel,accel_decel,
0,p3_s0_1500k,P3_block_projected_1500k,P3_block_projected_1500k,checkpoints/env_v2_gpsi_heada_ppo_n3pf_block_projected_s0/checkpoint_1500k.zip,1500000,1500k,1000,,76,0.6578947368421053,0.3421052631578947,0.6447368421052632,0.95236909133809,4.562705491966815,0.824332415273315,115.94736842105264,34.61193781399438,0.3123360452781034,0.3581285684100709,1.5353280592767446,0.1573651150956018,0.0,2.644680851258039,0,N3PF-V,motion,ar1_velocity,ar1_velocity,
0,p3_s0_1500k,P3_block_projected_1500k,P3_block_projected_1500k,checkpoints/env_v2_gpsi_heada_ppo_n3pf_block_projected_s0/checkpoint_1500k.zip,1500000,1500k,1000,,47,0.6808510638297872,0.3191489361702128,0.6595744680851063,0.9574004085454392,4.636422575509819,0.8383921207265651,116.04255319148936,35.26067878510904,0.3181415920327123,0.3637562951747438,1.5377340922700788,0.1575330701151578,0.0,2.597298395954306,0,N3PF-V,motion,crossing_or_sudden_threat,crossing_or_sudden_threat,
0,p3_s0_1500k,P3_block_projected_1500k,P3_block_projected_1500k,checkpoints/env_v2_gpsi_heada_ppo_n3pf_block_projected_s0/checkpoint_1500k.zip,1500000,1500k,1000,,34,0.6764705882352942,0.3235294117647059,0.6764705882352942,0.979708368948703,4.541017965278216,0.8065397485214121,118.29411764705884,35.93561973093248,0.3264997554586659,0.3661848435633238,1.5431594102757031,0.1549769529734266,0.0,2.646816530274412,0,N3PF-V,motion,linear,linear,
0,p3_s0_1500k,P3_block_projected_1500k,P3_block_projected_1500k,checkpoints/env_v2_gpsi_heada_ppo_n3pf_block_projected_s0/checkpoint_1500k.zip,1500000,1500k,1000,,80,0.6,0.4,0.5375,0.9446724108067368,4.767776831649999,0.7962885363027453,112.875,33.17230775506183,0.3156132604159504,0.3556321501960746,1.548717218334636,0.1503348292792103,0.0,2.699998700289116,0,N3PF-V,motion,sinusoidal_lateral,sinusoidal_lateral,
0,p3_s0_1500k,P3_block_projected_1500k,P3_block_projected_1500k,checkpoints/env_v2_gpsi_heada_ppo_n3pf_block_projected_s0/checkpoint_1500k.zip,1500000,1500k,1001,,64,0.53125,0.46875,0.53125,0.952736610482867,4.664253901073802,0.7315601101145148,114.828125,32.07697416304743,0.3005046462652483,0.3462251957780968,1.5446364398398518,0.1506143781454555,0.0,2.676905999995784,0,N3PF-V,motion,accel_decel,accel_decel,
0,p3_s0_1500k,P3_block_projected_1500k,P3_block_projected_1500k,checkpoints/env_v2_gpsi_heada_ppo_n3pf_block_projected_s0/checkpoint_1500k.zip,1500000,1500k,1001,,76,0.6578947368421053,0.3421052631578947,0.6447368421052632,0.952338269293302,4.559859244618136,0.8291409988152353,116.0,34.613286588320285,0.3119839160701593,0.357537773850076,1.5355332003220372,0.157817229570252,0.0,2.6410517751924667,0,N3PF-V,motion,ar1_velocity,ar1_velocity,
0,p3_s0_1500k,P3_block_projected_1500k,P3_block_projected_1500k,checkpoints/env_v2_gpsi_heada_ppo_n3pf_block_projected_s0/checkpoint_1500k.zip,1500000,1500k,1001,,48,0.6458333333333334,0.3541666666666667,0.625,0.9578161767278088,4.611158343152705,0.8167985367278258,116.45833333333331,34.57251026998944,0.3231226755397849,0.3675856076578476,1.5363648686247815,0.1601389737435024,0.0,2.5817146442955736,0,N3PF-V,motion,crossing_or_sudden_threat,crossing_or_sudden_threat,
0,p3_s0_1500k,P3_block_projected_1500k,P3_block_projected_1500k,checkpoints/env_v2_gpsi_heada_ppo_n3pf_block_projected_s0/checkpoint_1500k.zip,1500000,1500k,1001,,33,0.6666666666666666,0.3333333333333333,0.6666666666666666,0.9794843987396984,4.521756850485082,0.790703891804724,118.27272727272728,35.73396988873562,0.3274810314707824,0.3678594033759124,1.5428201574411842,0.1560860173238692,0.0,2.6313082285300484,0,N3PF-V,motion,linear,linear,
0,p3_s0_1500k,P3_block_projected_1500k,P3_block_projected_1500k,checkpoints/env_v2_gpsi_heada_ppo_n3pf_block_projected_s0/checkpoint_1500k.zip,1500000,1500k,1001,,79,0.5949367088607594,0.4050632911392405,0.5316455696202531,0.9439781006393017,4.7551931934862655,0.7946470860816255,112.88607594936708,33.04781378721102,0.3177933984852514,0.3584119316952058,1.5492057255927898,0.1507355021944162,0.0,2.6827431621470224,0,N3PF-V,motion,sinusoidal_lateral,sinusoidal_lateral,
0,p3_s0_1500k,P3_block_projected_1500k,P3_block_projected_1500k,checkpoints/env_v2_gpsi_heada_ppo_n3pf_block_projected_s0/checkpoint_1500k.zip,1500000,1500k,1002,,65,0.5230769230769231,0.4769230769230769,0.5230769230769231,0.950006171706301,4.6790360777700615,0.7278490075698265,114.32307692307693,31.77773836069029,0.2971948186866835,0.3427748269124675,1.5447715239844864,0.1496845368016417,0.0,2.6853660396092085,0,N3PF-V,motion,accel_decel,accel_decel,
0,p3_s0_1500k,P3_block_projected_1500k,P3_block_projected_1500k,checkpoints/env_v2_gpsi_heada_ppo_n3pf_block_projected_s0/checkpoint_1500k.zip,1500000,1500k,1002,,75,0.6666666666666666,0.3333333333333333,0.6533333333333333,0.9522384943516584,4.5728906971571,0.83210169394811,115.74666666666668,34.78597611067325,0.3100618302727322,0.3560914938756793,1.5358625569746651,0.1575719776914755,0.0,2.6493457704710552,0,N3PF-V,motion,ar1_velocity,ar1_velocity,
0,p3_s0_1500k,P3_block_projected_1500k,P3_block_projected_1500k,checkpoints/env_v2_gpsi_heada_ppo_n3pf_block_projected_s0/checkpoint_1500k.zip,1500000,1500k,1002,,49,0.6530612244897959,0.3469387755102041,0.6326530612244898,0.9584376515358966,4.621541013884547,0.8150584296304353,116.3265306122449,34.73979204193099,0.3228363129591957,0.3667628958132533,1.535867308887482,0.1599664005893613,0.0,2.581994364363808,0,N3PF-V,motion,crossing_or_sudden_threat,crossing_or_sudden_threat,
0,p3_s0_1500k,P3_block_projected_1500k,P3_block_projected_1500k,checkpoints/env_v2_gpsi_heada_ppo_n3pf_block_projected_s0/checkpoint_1500k.zip,1500000,1500k,1002,,32,0.6875,0.3125,0.6875,0.9807348018522876,4.554653192705846,0.8028164356946945,117.9375,36.19272702945076,0.3309531284973747,0.3738624746026041,1.5428226798563696,0.1569652764595593,0.0,2.625236311995104,0,N3PF-V,motion,linear,linear,
0,p3_s0_1500k,P3_block_projected_1500k,P3_block_projected_1500k,checkpoints/env_v2_gpsi_heada_ppo_n3pf_block_projected_s0/checkpoint_1500k.zip,1500000,1500k,1002,,79,0.5949367088607594,0.4050632911392405,0.5316455696202531,0.9456095931074469,4.748271910476822,0.7962033275184752,113.0759493670886,33.14513287443438,0.3180194127270348,0.359252212239949,1.5486919432658173,0.1511714121167187,0.0,2.6712765416941227,0,N3PF-V,motion,sinusoidal_lateral,sinusoidal_lateral,
2,p3_s2_1500k,P3_block_projected_seed2_1500k,p3_s2_1500k,checkpoints/env_v2_gpsi_heada_ppo_n3pf_ms_block_projected_s2/checkpoint_1500k.zip,1500000,1500k,1000,,285,0.4175438596491228,0.5824561403508772,0.3964912280701754,0.9547151992693548,4.727460935392569,0.6955428127656903,105.0982456140351,29.31503842432136,0.2673384118087737,0.307615271527265,1.5536134391019385,0.1103655783799907,0.0,2.838951428543252,0,,threat,high,,high
2,p3_s2_1500k,P3_block_projected_seed2_1500k,p3_s2_1500k,checkpoints/env_v2_gpsi_heada_ppo_n3pf_ms_block_projected_s2/checkpoint_1500k.zip,1500000,1500k,1000,,1,1.0,0.0,1.0,1.0,4.896558613420647,0.9126120805740356,107.0,42.6510032497385,0.2897196261682243,0.308411214953271,1.552457861811201,0.0883899924354018,0.0,2.534976023658414,0,,threat,low,,low
2,p3_s2_1500k,P3_block_projected_seed2_1500k,p3_s2_1500k,checkpoints/env_v2_gpsi_heada_ppo_n3pf_ms_block_projected_s2/checkpoint_1500k.zip,1500000,1500k,1000,,14,0.6428571428571429,0.3571428571428571,0.5714285714285714,0.9131537492142682,4.397773125491042,0.816167064011097,109.28571428571428,32.67732981347985,0.3000283404577604,0.3514976498012475,1.547347682436823,0.129075770261894,0.0,2.492958213520417,0,,threat,medium,,medium
2,p3_s2_1500k,P3_block_projected_seed2_1500k,p3_s2_1500k,checkpoints/env_v2_gpsi_heada_ppo_n3pf_ms_block_projected_s2/checkpoint_1500k.zip,1500000,1500k,1001,,285,0.4035087719298245,0.5964912280701754,0.3824561403508772,0.9538522280137118,4.727986370365509,0.6908136032129589,104.87017543859648,28.981002859119886,0.267505581420553,0.3077006217777168,1.5544486180050752,0.1089750096726988,0.0,2.8369600654559983,0,,threat,high,,high
2,p3_s2_1500k,P3_block_projected_seed2_1500k,p3_s2_1500k,checkpoints/env_v2_gpsi_heada_ppo_n3pf_ms_block_projected_s2/checkpoint_1500k.zip,1500000,1500k,1001,,1,1.0,0.0,1.0,1.0,4.896558613420647,0.9126120805740356,107.0,42.6510032497385,0.2897196261682243,0.308411214953271,1.552457861811201,0.0883899924354018,0.0,2.534976023658414,0,,threat,low,,low
2,p3_s2_1500k,P3_block_projected_seed2_1500k,p3_s2_1500k,checkpoints/env_v2_gpsi_heada_ppo_n3pf_ms_block_projected_s2/checkpoint_1500k.zip,1500000,1500k,1001,,14,0.6428571428571429,0.3571428571428571,0.5714285714285714,0.9131537492142682,4.397773125491042,0.816167064011097,109.28571428571428,32.67732981347985,0.3000283404577604,0.3514976498012475,1.547347682436823,0.129075770261894,0.0,2.492958213520417,0,,threat,medium,,medium
2,p3_s2_1500k,P3_block_projected_seed2_1500k,p3_s2_1500k,checkpoints/env_v2_gpsi_heada_ppo_n3pf_ms_block_projected_s2/checkpoint_1500k.zip,1500000,1500k,1002,,284,0.4049295774647887,0.5950704225352113,0.3838028169014084,0.954297415467083,4.735820605966595,0.6914685210081893,104.94718309859157,29.021643633904493,0.2668339419640542,0.307092841500132,1.5544621466191628,0.109293327486865,0.0,2.84363222433123,0,,threat,high,,high
2,p3_s2_1500k,P3_block_projected_seed2_1500k,p3_s2_1500k,checkpoints/env_v2_gpsi_heada_ppo_n3pf_ms_block_projected_s2/checkpoint_1500k.zip,1500000,1500k,1002,,1,1.0,0.0,1.0,1.0,4.896558613420647,0.9126120805740356,107.0,42.6510032497385,0.2897196261682243,0.308411214953271,1.552457861811201,0.0883899924354018,0.0,2.534976023658414,0,,threat,low,,low
2,p3_s2_1500k,P3_block_projected_seed2_1500k,p3_s2_1500k,checkpoints/env_v2_gpsi_heada_ppo_n3pf_ms_block_projected_s2/checkpoint_1500k.zip,1500000,1500k,1002,,15,0.6666666666666666,0.3333333333333333,0.6,0.9178913134906064,4.3885216173341375,0.8134440968434016,110.13333333333334,33.336113979850346,0.2958734456294288,0.3488295004702354,1.54572640333163,0.1315823610260413,0.0,2.486162411295712,0,,threat,medium,,medium
0,p3_s0_1500k,P3_block_projected_1500k,P3_block_projected_1500k,checkpoints/env_v2_gpsi_heada_ppo_n3pf_block_projected_s0/checkpoint_1500k.zip,1500000,1500k,1000,,288,0.6180555555555556,0.3819444444444444,0.5972222222222222,0.9561596405254948,4.662221673368039,0.793757622802837,115.30902777777776,33.93849191496721,0.3101718004771727,0.3537652974718839,1.5417233235640306,0.1530503857334215,0.0,2.674349215688109,0,N3PF-V,threat,high,,high
0,p3_s0_1500k,P3_block_projected_1500k,P3_block_projected_1500k,checkpoints/env_v2_gpsi_heada_ppo_n3pf_block_projected_s0/checkpoint_1500k.zip,1500000,1500k,1000,,12,0.6666666666666666,0.3333333333333333,0.5833333333333334,0.9066903262579912,4.397797059964993,0.8471684729059538,112.33333333333331,33.280733765754846,0.3837095228721485,0.4227370766256755,1.5475515111488978,0.1690558167526872,0.0,2.3309619331596045,0,N3PF-V,threat,medium,,medium
0,p3_s0_1500k,P3_block_projected_1500k,P3_block_projected_1500k,checkpoints/env_v2_gpsi_heada_ppo_n3pf_block_projected_s0/checkpoint_1500k.zip,1500000,1500k,1001,,287,0.6097560975609756,0.3902439024390244,0.5888501742160279,0.9559796659877222,4.648807703093717,0.7899095502776136,115.34146341463416,33.76702879699738,0.3115790409275226,0.3553516660080556,1.5416325445474353,0.153812476407032,0.0,2.664480688881199,0,N3PF-V,threat,high,,high
0,p3_s0_1500k,P3_block_projected_1500k,P3_block_projected_1500k,checkpoints/env_v2_gpsi_heada_ppo_n3pf_block_projected_s0/checkpoint_1500k.zip,1500000,1500k,1001,,13,0.6923076923076923,0.3076923076923077,0.6153846153846154,0.912239922351372,4.389813868812107,0.8620923092732062,113.3076923076923,33.99058852973599,0.3801793216068744,0.4187205600765442,1.5503497154223371,0.1719125311203694,0.0,2.3098573448267263,0,N3PF-V,threat,medium,,medium
0,p3_s0_1500k,P3_block_projected_1500k,P3_block_projected_1500k,checkpoints/env_v2_gpsi_heada_ppo_n3pf_block_projected_s0/checkpoint_1500k.zip,1500000,1500k,1002,,287,0.6132404181184669,0.3867595818815331,0.5923344947735192,0.9559556992569216,4.659771637010028,0.7910754856643777,115.14285714285714,33.83800042834897,0.3106724123921683,0.3549120709340766,1.5415323412560666,0.1537153810007245,0.0,2.664730705605177,0,N3PF-V,threat,high,,high
0,p3_s0_1500k,P3_block_projected_1500k,P3_block_projected_1500k,checkpoints/env_v2_gpsi_heada_ppo_n3pf_block_projected_s0/checkpoint_1500k.zip,1500000,1500k,1002,,13,0.6923076923076923,0.3076923076923077,0.6153846153846154,0.912239922351372,4.389813868812107,0.8620923092732062,113.3076923076923,33.99058852973599,0.3801793216068744,0.4187205600765442,1.5503497154223371,0.1719125311203694,0.0,2.3098573448267263,0,N3PF-V,threat,medium,,medium
