method_key,method,base_policy,shield_enabled,shield_config_name,eval_seed,scenario,steps,shield_trigger_rate,filter_delta_norm_mean,filter_delta_norm_p95,raw_action_unsafe_rate,filtered_action_unsafe_rate,raw_min_predicted_cpa,filtered_min_predicted_cpa,raw_ttc_min,filtered_ttc_min,a_raw_norm,a_exec_norm
attention_no_shield,attention_full_no_shield,attention_full,0,none,1000,eval_flow_high_density,5575,0.0,0.0,0.0,0.3133632286995516,0.3133632286995516,2.726700066273558,2.726700066273558,0.0,0.0,1.4511737235284707,1.4511737235284707
attention_no_shield,attention_full_no_shield,attention_full,0,none,1000,eval_flow_high_speed,5568,0.0,0.0,0.0,0.26939655172413796,0.26939655172413796,2.7783221037136547,2.7783221037136547,0.0,0.0,1.4448071574155328,1.4448071574155328
attention_no_shield,attention_full_no_shield,attention_full,0,none,1000,eval_flow_high_threat,5617,0.0,0.0,0.0,0.3001602278796511,0.3001602278796511,3.0650293237671726,3.0650293237671726,0.0,0.0,1.434114930484406,1.434114930484406
attention_no_shield,attention_full_no_shield,attention_full,0,none,1000,eval_flow_id,5344,0.0,0.0,0.0,0.2776946107784431,0.2776946107784431,3.3066276275981044,3.3066276275981044,0.0,0.0,1.4779755796694816,1.4779755796694816
attention_no_shield,attention_full_no_shield,attention_full,0,none,1000,eval_flow_mixed_ood,5337,0.0,0.0,0.0,0.30429080007494846,0.30429080007494846,2.870242061364529,2.870242061364529,0.0,0.0,1.4609315826838352,1.4609315826838352
attention_no_shield,attention_full_no_shield,attention_full,0,none,1000,eval_flow_sudden_threat,5686,0.0,0.0,0.0,0.2949349278930707,0.2949349278930707,2.965080468000685,2.965080468000685,0.0,0.0,1.443985064029484,1.443985064029484
attention_no_shield,attention_full_no_shield,attention_full,0,none,1001,eval_flow_high_density,5567,0.0,0.0,0.0,0.3125561343632118,0.3125561343632118,2.719094843204477,2.719094843204477,0.0,0.0,1.4553374299896304,1.4553374299896304
attention_no_shield,attention_full_no_shield,attention_full,0,none,1001,eval_flow_high_speed,5566,0.0,0.0,0.0,0.2707509881422925,0.2707509881422925,2.7794700424999177,2.7794700424999177,0.0,0.0,1.4456631172471153,1.4456631172471153
attention_no_shield,attention_full_no_shield,attention_full,0,none,1001,eval_flow_high_threat,5629,0.0,0.0,0.0,0.2996979925386392,0.2996979925386392,3.073004916857384,3.073004916857384,0.0,0.0,1.4357240509621032,1.4357240509621032
attention_no_shield,attention_full_no_shield,attention_full,0,none,1001,eval_flow_id,5345,0.0,0.0,0.0,0.27202993451824137,0.27202993451824137,3.3160774350098583,3.3160774350098583,0.0,0.0,1.4780495627327597,1.4780495627327597
attention_no_shield,attention_full_no_shield,attention_full,0,none,1001,eval_flow_mixed_ood,5338,0.0,0.0,0.0,0.30666916448107906,0.30666916448107906,2.861299981066071,2.861299981066071,0.0,0.0,1.4627347492343168,1.4627347492343168
attention_no_shield,attention_full_no_shield,attention_full,0,none,1001,eval_flow_sudden_threat,5684,0.0,0.0,0.0,0.2922237860661506,0.2922237860661506,2.98173125739049,2.98173125739049,0.0,0.0,1.4481715544282256,1.4481715544282256
attention_no_shield,attention_full_no_shield,attention_full,0,none,1002,eval_flow_high_density,5573,0.0,0.0,0.0,0.3140139960523955,0.3140139960523955,2.7056586422925246,2.7056586422925246,0.0,0.0,1.4537981799744348,1.4537981799744348
attention_no_shield,attention_full_no_shield,attention_full,0,none,1002,eval_flow_high_speed,5551,0.0,0.0,0.0,0.2695009908124662,0.2695009908124662,2.7830374847451815,2.7830374847451815,0.0,0.0,1.446894064830179,1.446894064830179
attention_no_shield,attention_full_no_shield,attention_full,0,none,1002,eval_flow_high_threat,5565,0.0,0.0,0.0,0.29595687331536386,0.29595687331536386,3.1089882367653816,3.1089882367653816,0.0,0.0,1.4434949669073214,1.4434949669073214
attention_no_shield,attention_full_no_shield,attention_full,0,none,1002,eval_flow_id,5351,0.0,0.0,0.0,0.2706036254905625,0.2706036254905625,3.314647324516252,3.314647324516252,0.0,0.0,1.4771602929266419,1.4771602929266419
attention_no_shield,attention_full_no_shield,attention_full,0,none,1002,eval_flow_mixed_ood,5298,0.0,0.0,0.0,0.3004907512268781,0.3004907512268781,2.8804363079550064,2.8804363079550064,0.0,0.0,1.4687532258454516,1.4687532258454516
attention_no_shield,attention_full_no_shield,attention_full,0,none,1002,eval_flow_sudden_threat,5698,0.0,0.0,0.0,0.28957528957528955,0.28957528957528955,2.9994493339090167,2.9994493339090167,0.0,0.0,1.4483727936150108,1.4483727936150108
attention_ordinary_vo,attention_full_plus_ordinary_vo,attention_full,1,vo_like_filter_h45_cpa1p2_h16,1000,eval_flow_high_density,7934,0.45752457776657424,0.3315263004536394,1.095813238620758,0.4441643559364759,0.005293672800604991,2.1726984707908557,2.899534391208296,0.0,0.0,1.4096256878357527,1.2832099822518175
attention_ordinary_vo,attention_full_plus_ordinary_vo,attention_full,1,vo_like_filter_h45_cpa1p2_h16,1000,eval_flow_high_speed,7522,0.350704599840468,0.23235341516981825,1.0142135620117188,0.34286094123903216,0.006381281574049455,2.383895131999458,2.828254708662685,0.0,0.0,1.3953396366952233,1.313524658065928
attention_ordinary_vo,attention_full_plus_ordinary_vo,attention_full,1,vo_like_filter_h45_cpa1p2_h16,1000,eval_flow_high_threat,7612,0.3399894902785076,0.22170461804708305,1.0,0.3151602732527588,0.006962690488702049,2.5988554532268897,3.118280411065134,0.0,0.0,1.3773749969592313,1.2927855620042266
attention_ordinary_vo,attention_full_plus_ordinary_vo,attention_full,1,vo_like_filter_h45_cpa1p2_h16,1000,eval_flow_id,6717,0.350305195771922,0.24486687912476618,1.0142135620117188,0.33020693762096176,0.004317403602798868,2.8477917826344163,3.514500373559996,0.0,0.0,1.438917336776105,1.3392826870995582
attention_ordinary_vo,attention_full_plus_ordinary_vo,attention_full,1,vo_like_filter_h45_cpa1p2_h16,1000,eval_flow_mixed_ood,6824,0.36474208675263775,0.2541719361220389,1.0558170080184937,0.34979484173505276,0.011576787807737398,2.5653658224532245,3.1290760324246514,0.0,0.0,1.442694409264542,1.344239353015582
attention_ordinary_vo,attention_full_plus_ordinary_vo,attention_full,1,vo_like_filter_h45_cpa1p2_h16,1000,eval_flow_sudden_threat,7111,0.3386302910982984,0.22937930483675392,1.0142135620117188,0.31852060188440445,0.00576571508929827,2.6175323101925385,3.1645331162356354,0.0,0.0,1.410035728023133,1.3186713196929205
attention_ordinary_vo,attention_full_plus_ordinary_vo,attention_full,1,vo_like_filter_h45_cpa1p2_h16,1001,eval_flow_high_density,7930,0.45422446406052963,0.32805031302184207,1.0952166855335226,0.4398486759142497,0.005674653215636823,2.17163946259764,2.885601101532428,0.0,0.0,1.411936705265415,1.2875629292817465
attention_ordinary_vo,attention_full_plus_ordinary_vo,attention_full,1,vo_like_filter_h45_cpa1p2_h16,1001,eval_flow_high_speed,7507,0.35153856400692685,0.23302984946007035,1.0164841771125792,0.34381244172106035,0.006660450246436659,2.377711857797435,2.8237205141632624,0.0,0.0,1.3975399166397207,1.3154212783362587
attention_ordinary_vo,attention_full_plus_ordinary_vo,attention_full,1,vo_like_filter_h45_cpa1p2_h16,1001,eval_flow_high_threat,7618,0.3427408768705697,0.22299772342160856,1.0,0.31753741139406666,0.0069572066159096875,2.6021927008383896,3.121565004180355,0.0,0.0,1.3800792081761264,1.2951469527590256
attention_ordinary_vo,attention_full_plus_ordinary_vo,attention_full,1,vo_like_filter_h45_cpa1p2_h16,1001,eval_flow_id,6733,0.35110649042031783,0.24601070863660493,1.0147076606750487,0.3310559928709342,0.0043071439180157435,2.841877874262938,3.5112110073561142,0.0,0.0,1.438299153444407,1.3382081837679256
attention_ordinary_vo,attention_full_plus_ordinary_vo,attention_full,1,vo_like_filter_h45_cpa1p2_h16,1001,eval_flow_mixed_ood,6900,0.3672463768115942,0.25485601745113945,1.0558170080184937,0.35,0.012028985507246378,2.5440109256196655,3.112488912668187,0.0,0.0,1.4409215427028097,1.3424404101354488
attention_ordinary_vo,attention_full_plus_ordinary_vo,attention_full,1,vo_like_filter_h45_cpa1p2_h16,1001,eval_flow_sudden_threat,7169,0.34035430325010463,0.2318971948577347,1.0142135620117188,0.32040730924815175,0.005719068210350118,2.612751181229589,3.1599969167045625,0.0,0.0,1.4105326611949303,1.3190797028689225
attention_ordinary_vo,attention_full_plus_ordinary_vo,attention_full,1,vo_like_filter_h45_cpa1p2_h16,1002,eval_flow_high_density,7901,0.45298063536261235,0.3276079902282781,1.0958412885665894,0.4390583470446779,0.005695481584609543,2.1707115605563176,2.879569668405785,0.0,0.0,1.4148815221902524,1.2909108114448504
attention_ordinary_vo,attention_full_plus_ordinary_vo,attention_full,1,vo_like_filter_h45_cpa1p2_h16,1002,eval_flow_high_speed,7161,0.3438067309035051,0.22948892048231434,1.0142135620117188,0.3359865940511102,0.006702974444909929,2.431566211021944,2.8779824435934733,0.0,0.0,1.4143469346446076,1.3339395466741946
attention_ordinary_vo,attention_full_plus_ordinary_vo,attention_full,1,vo_like_filter_h45_cpa1p2_h16,1002,eval_flow_high_threat,7655,0.3418680600914435,0.22254704793320226,1.0,0.31639451338994123,0.006792945787067277,2.607183257646546,3.1295229288340005,0.0,0.0,1.3791214330368848,1.293002828220812
attention_ordinary_vo,attention_full_plus_ordinary_vo,attention_full,1,vo_like_filter_h45_cpa1p2_h16,1002,eval_flow_id,6740,0.3504451038575668,0.24580306953941236,1.0142135620117188,0.3307121661721068,0.0043026706231454005,2.8384893949807797,3.5089212939326786,0.0,0.0,1.4381907772549183,1.3384893614257125
attention_ordinary_vo,attention_full_plus_ordinary_vo,attention_full,1,vo_like_filter_h45_cpa1p2_h16,1002,eval_flow_mixed_ood,6888,0.3620789779326365,0.24922585864545957,1.0520121216773985,0.34480255516840885,0.012049941927990708,2.5538121189858174,3.1148990383644835,0.0,0.0,1.4418228461659155,1.3454999226198447
attention_ordinary_vo,attention_full_plus_ordinary_vo,attention_full,1,vo_like_filter_h45_cpa1p2_h16,1002,eval_flow_sudden_threat,7136,0.33772421524663676,0.22999023942844818,1.0142135620117188,0.3179652466367713,0.005605381165919282,2.6340423496544623,3.1779790004859407,0.0,0.0,1.4123812817776318,1.3216204889987349
noz_no_shield,no_z_full_no_shield,no_z_full,0,none,1000,eval_flow_high_density,5664,0.0,0.0,0.0,0.2688912429378531,0.2688912429378531,3.375549942749035,3.375549942749035,0.0,0.0,1.5558633023904542,1.5558633023904542
noz_no_shield,no_z_full_no_shield,no_z_full,0,none,1000,eval_flow_high_speed,5301,0.0,0.0,0.0,0.21656291265798905,0.21656291265798905,3.250244676264699,3.250244676264699,0.0,0.0,1.5601564751686048,1.5601564751686048
noz_no_shield,no_z_full_no_shield,no_z_full,0,none,1000,eval_flow_high_threat,5751,0.0,0.0,0.0,0.23821944009737436,0.23821944009737436,3.70767710916364,3.70767710916364,0.0,0.0,1.5557591752205033,1.5557591752205033
noz_no_shield,no_z_full_no_shield,no_z_full,0,none,1000,eval_flow_id,5788,0.0,0.0,0.0,0.21855563234277817,0.21855563234277817,3.8747900678934917,3.8747900678934917,0.0,0.0,1.5551392942687603,1.5551392942687603
noz_no_shield,no_z_full_no_shield,no_z_full,0,none,1000,eval_flow_mixed_ood,5705,0.0,0.0,0.0,0.23943908851884313,0.23943908851884313,3.594050996463372,3.594050996463372,0.0,0.0,1.5558379783429774,1.5558379783429774
noz_no_shield,no_z_full_no_shield,no_z_full,0,none,1000,eval_flow_sudden_threat,5803,0.0,0.0,0.0,0.20954678614509736,0.20954678614509736,3.863221415458255,3.863221415458255,0.0,0.0,1.555234387868769,1.555234387868769
noz_no_shield,no_z_full_no_shield,no_z_full,0,none,1001,eval_flow_high_density,5706,0.0,0.0,0.0,0.26691202243252715,0.26691202243252715,3.381738701642096,3.381738701642096,0.0,0.0,1.5549673204918388,1.5549673204918388
noz_no_shield,no_z_full_no_shield,no_z_full,0,none,1001,eval_flow_high_speed,5263,0.0,0.0,0.0,0.2177465323959719,0.2177465323959719,3.2355982753366432,3.2355982753366432,0.0,0.0,1.5592169799710462,1.5592169799710462
noz_no_shield,no_z_full_no_shield,no_z_full,0,none,1001,eval_flow_high_threat,5755,0.0,0.0,0.0,0.23440486533449176,0.23440486533449176,3.735993988317564,3.735993988317564,0.0,0.0,1.5555004521725386,1.5555004521725386
noz_no_shield,no_z_full_no_shield,no_z_full,0,none,1001,eval_flow_id,5767,0.0,0.0,0.0,0.21657707646956822,0.21657707646956822,3.8947933006952287,3.8947933006952287,0.0,0.0,1.554237786293526,1.554237786293526
noz_no_shield,no_z_full_no_shield,no_z_full,0,none,1001,eval_flow_mixed_ood,5707,0.0,0.0,0.0,0.239355177851761,0.239355177851761,3.587012268592252,3.587012268592252,0.0,0.0,1.5553063206858992,1.5553063206858992
noz_no_shield,no_z_full_no_shield,no_z_full,0,none,1001,eval_flow_sudden_threat,5807,0.0,0.0,0.0,0.2107800929912175,0.2107800929912175,3.878268978846923,3.878268978846923,0.0,0.0,1.5548621789095671,1.5548621789095671
noz_no_shield,no_z_full_no_shield,no_z_full,0,none,1002,eval_flow_high_density,5710,0.0,0.0,0.0,0.26847635726795094,0.26847635726795094,3.3763900078049898,3.3763900078049898,0.0,0.0,1.5550626484608692,1.5550626484608692
noz_no_shield,no_z_full_no_shield,no_z_full,0,none,1002,eval_flow_high_speed,5295,0.0,0.0,0.0,0.21831916902738432,0.21831916902738432,3.2218888412559283,3.2218888412559283,0.0,0.0,1.558729999779079,1.558729999779079
noz_no_shield,no_z_full_no_shield,no_z_full,0,none,1002,eval_flow_high_threat,5752,0.0,0.0,0.0,0.23244089012517385,0.23244089012517385,3.763991812599072,3.763991812599072,0.0,0.0,1.5555174500371882,1.5555174500371882
noz_no_shield,no_z_full_no_shield,no_z_full,0,none,1002,eval_flow_id,5797,0.0,0.0,0.0,0.21752630671036743,0.21752630671036743,3.874158067675241,3.874158067675241,0.0,0.0,1.554060149052975,1.554060149052975
noz_no_shield,no_z_full_no_shield,no_z_full,0,none,1002,eval_flow_mixed_ood,5798,0.0,0.0,0.0,0.23732321490169023,0.23732321490169023,3.5820125446613367,3.5820125446613367,0.0,0.0,1.555655085555271,1.555655085555271
noz_no_shield,no_z_full_no_shield,no_z_full,0,none,1002,eval_flow_sudden_threat,5786,0.0,0.0,0.0,0.208779813342551,0.208779813342551,3.905622188158567,3.905622188158567,0.0,0.0,1.5551846058690915,1.5551846058690915
noz_ordinary_vo,no_z_full_plus_ordinary_vo,no_z_full,1,vo_like_filter_h45_cpa1p2_h16,1000,eval_flow_high_density,8171,0.39884959001346226,0.3181682116469534,1.2349164485931396,0.38954840288826337,0.007098274385020194,2.7575161059005273,3.4317466653085176,0.0,0.0,1.5630892508763197,1.4501840409596742
noz_ordinary_vo,no_z_full_plus_ordinary_vo,no_z_full,1,vo_like_filter_h45_cpa1p2_h16,1000,eval_flow_high_speed,7176,0.28330546265328876,0.2093653535224298,1.0555879473686218,0.27731326644370125,0.008082497212931996,2.984544797440593,3.4187006251110383,0.0,0.0,1.5536940480139076,1.4843532388350835
noz_ordinary_vo,no_z_full_plus_ordinary_vo,no_z_full,1,vo_like_filter_h45_cpa1p2_h16,1000,eval_flow_high_threat,7373,0.3059812830598128,0.22323591168249873,1.0558170080184937,0.29363895293638953,0.0065102400651024005,3.30168677687512,3.85936655089533,0.0,0.0,1.5618300326527272,1.488056866216899
noz_ordinary_vo,no_z_full_plus_ordinary_vo,no_z_full,1,vo_like_filter_h45_cpa1p2_h16,1000,eval_flow_id,7607,0.31878532930195874,0.24444370804371934,1.1355195999145504,0.309320362823715,0.003680820297094781,3.203939179702131,3.798984682520018,0.0,0.0,1.5565341874727896,1.4746410168861142
noz_ordinary_vo,no_z_full_plus_ordinary_vo,no_z_full,1,vo_like_filter_h45_cpa1p2_h16,1000,eval_flow_mixed_ood,7159,0.3015784327420031,0.2285217239938646,1.0558170080184937,0.29403547981561673,0.007822321553289565,3.1946710635437174,3.719464797984519,0.0,0.0,1.5680796349326698,1.4898545695285355
noz_ordinary_vo,no_z_full_plus_ordinary_vo,no_z_full,1,vo_like_filter_h45_cpa1p2_h16,1000,eval_flow_sudden_threat,7557,0.31904194786290857,0.24278984969957285,1.0456372737884518,0.31255789334391954,0.0066163821622336905,3.2478388134483223,3.840396021586318,0.0,0.0,1.5605511957254772,1.4810685329656839
noz_ordinary_vo,no_z_full_plus_ordinary_vo,no_z_full,1,vo_like_filter_h45_cpa1p2_h16,1001,eval_flow_high_density,8261,0.4033409998789493,0.3262419315135507,1.2537386417388916,0.39365694225880643,0.0070209417746035585,2.7392357731945043,3.4114730072691195,0.0,0.0,1.5628583057208696,1.4473417947900136
noz_ordinary_vo,no_z_full_plus_ordinary_vo,no_z_full,1,vo_like_filter_h45_cpa1p2_h16,1001,eval_flow_high_speed,7246,0.29754347226055755,0.22657055754739952,1.1626878082752228,0.291471156500138,0.008418437758763456,2.9240920582618215,3.365781517681624,0.0,0.0,1.5544676371299198,1.4798632278738184
noz_ordinary_vo,no_z_full_plus_ordinary_vo,no_z_full,1,vo_like_filter_h45_cpa1p2_h16,1001,eval_flow_high_threat,7351,0.3010474765338049,0.2203445412092384,1.0484124422073364,0.28866820840701946,0.0065297238470956335,3.3350223939404238,3.8863628649380484,0.0,0.0,1.5613547550741629,1.4886931072626126
noz_ordinary_vo,no_z_full_plus_ordinary_vo,no_z_full,1,vo_like_filter_h45_cpa1p2_h16,1001,eval_flow_id,7555,0.31939113170086036,0.24388129915585982,1.1305636405944819,0.30959629384513565,0.0038385175380542687,3.224746265682127,3.828318347354203,0.0,0.0,1.5561572652633107,1.4747828334629103
noz_ordinary_vo,no_z_full_plus_ordinary_vo,no_z_full,1,vo_like_filter_h45_cpa1p2_h16,1001,eval_flow_mixed_ood,7162,0.3036861211951969,0.23171576502826818,1.07035459280014,0.2961463278413851,0.00809829656520525,3.189028422646664,3.719000594669636,0.0,0.0,1.567716761404028,1.4882671724390097
noz_ordinary_vo,no_z_full_plus_ordinary_vo,no_z_full,1,vo_like_filter_h45_cpa1p2_h16,1001,eval_flow_sudden_threat,7541,0.31905582813950406,0.24334292261340212,1.0493028163909912,0.31229279936347965,0.007028245590770455,3.262289723577242,3.8560344781669786,0.0,0.0,1.5607577599560356,1.481251730003276
noz_ordinary_vo,no_z_full_plus_ordinary_vo,no_z_full,1,vo_like_filter_h45_cpa1p2_h16,1002,eval_flow_high_density,8366,0.4044943820224719,0.3266421665374956,1.2533988952636719,0.3946928042075066,0.006693760459000717,2.7232436340871926,3.3956918934707168,0.0,0.0,1.5602801485891522,1.445636742004019
noz_ordinary_vo,no_z_full_plus_ordinary_vo,no_z_full,1,vo_like_filter_h45_cpa1p2_h16,1002,eval_flow_high_speed,7236,0.2967108899944721,0.22540492444845392,1.1623574197292328,0.2906301824212272,0.008153676064123825,2.918392431048917,3.364069906887874,0.0,0.0,1.5546251446865356,1.4800790201825222
noz_ordinary_vo,no_z_full_plus_ordinary_vo,no_z_full,1,vo_like_filter_h45_cpa1p2_h16,1002,eval_flow_high_threat,7357,0.30039418241130894,0.22010480882634129,1.0527771234512329,0.2882968601332065,0.006932173440260976,3.3480871960390943,3.8919738623282845,0.0,0.0,1.5607255949053052,1.4880767838777011
noz_ordinary_vo,no_z_full_plus_ordinary_vo,no_z_full,1,vo_like_filter_h45_cpa1p2_h16,1002,eval_flow_id,7570,0.32113606340819023,0.2457903704179089,1.1363862574100492,0.3114927344782034,0.003830911492734478,3.209507738028874,3.8161418747878417,0.0,0.0,1.5565485949954079,1.4743678645067202
noz_ordinary_vo,no_z_full_plus_ordinary_vo,no_z_full,1,vo_like_filter_h45_cpa1p2_h16,1002,eval_flow_mixed_ood,7185,0.3011830201809325,0.2293666584734794,1.0700159549713117,0.29352818371607514,0.007933194154488519,3.188805287234674,3.710965271804821,0.0,0.0,1.5657329790361574,1.488319143509815
noz_ordinary_vo,no_z_full_plus_ordinary_vo,no_z_full,1,vo_like_filter_h45_cpa1p2_h16,1002,eval_flow_sudden_threat,7516,0.3155934007450772,0.24064284969446362,1.0440306663513184,0.3082756785524215,0.006785524215007983,3.286002338666045,3.8828539536386617,0.0,0.0,1.5606978929553532,1.4821108370432516
p3_no_shield,P3_checkpoint_1500k_no_shield,p3_1500k,0,none,1000,eval_flow_high_density,5606,0.0,0.0,0.0,0.36728505173028897,0.36728505173028897,2.312132422403874,2.312132422403874,0.0,0.0,1.5502549921013906,1.5502549921013906
p3_no_shield,P3_checkpoint_1500k_no_shield,p3_1500k,0,none,1000,eval_flow_high_speed,5893,0.0,0.0,0.0,0.24367894111657898,0.24367894111657898,3.0316144594215912,3.0316144594215912,0.0,0.0,1.5511027880401131,1.5511027880401131
p3_no_shield,P3_checkpoint_1500k_no_shield,p3_1500k,0,none,1000,eval_flow_high_threat,6030,0.0,0.0,0.0,0.30713101160862355,0.30713101160862355,2.7591985377234023,2.7591985377234023,0.0,0.0,1.5140066310145566,1.5140066310145566
p3_no_shield,P3_checkpoint_1500k_no_shield,p3_1500k,0,none,1000,eval_flow_id,5623,0.0,0.0,0.0,0.321892228347857,0.321892228347857,2.779549538295486,2.779549538295486,0.0,0.0,1.543211933669937,1.543211933669937
p3_no_shield,P3_checkpoint_1500k_no_shield,p3_1500k,0,none,1000,eval_flow_mixed_ood,5684,0.0,0.0,0.0,0.3101688951442646,0.3101688951442646,2.5665382752532793,2.5665382752532793,0.0,0.0,1.5349526973854144,1.5349526973854144
p3_no_shield,P3_checkpoint_1500k_no_shield,p3_1500k,0,none,1000,eval_flow_sudden_threat,5721,0.0,0.0,0.0,0.3099108547456738,0.3099108547456738,2.5812756255702847,2.5812756255702847,0.0,0.0,1.5307056488867428,1.5307056488867428
p3_no_shield,P3_checkpoint_1500k_no_shield,p3_1500k,0,none,1001,eval_flow_high_density,5596,0.0,0.0,0.0,0.36794138670478915,0.36794138670478915,2.296229613799785,2.296229613799785,0.0,0.0,1.5515546756260645,1.5515546756260645
p3_no_shield,P3_checkpoint_1500k_no_shield,p3_1500k,0,none,1001,eval_flow_high_speed,5894,0.0,0.0,0.0,0.24397692568713947,0.24397692568713947,3.027273694104962,3.027273694104962,0.0,0.0,1.5506096463871681,1.5506096463871681
p3_no_shield,P3_checkpoint_1500k_no_shield,p3_1500k,0,none,1001,eval_flow_high_threat,6029,0.0,0.0,0.0,0.3080112788190413,0.3080112788190413,2.744742579767397,2.744742579767397,0.0,0.0,1.5140664456080077,1.5140664456080077
p3_no_shield,P3_checkpoint_1500k_no_shield,p3_1500k,0,none,1001,eval_flow_id,5630,0.0,0.0,0.0,0.3234458259325044,0.3234458259325044,2.766455432588822,2.766455432588822,0.0,0.0,1.5439562274602971,1.5439562274602971
p3_no_shield,P3_checkpoint_1500k_no_shield,p3_1500k,0,none,1001,eval_flow_mixed_ood,5701,0.0,0.0,0.0,0.3145062269777232,0.3145062269777232,2.5550749109516833,2.5550749109516833,0.0,0.0,1.5333529961849384,1.5333529961849384
p3_no_shield,P3_checkpoint_1500k_no_shield,p3_1500k,0,none,1001,eval_flow_sudden_threat,5726,0.0,0.0,0.0,0.31156129933636045,0.31156129933636045,2.5683305833049226,2.5683305833049226,0.0,0.0,1.5307751061759793,1.5307751061759793
p3_no_shield,P3_checkpoint_1500k_no_shield,p3_1500k,0,none,1002,eval_flow_high_density,5617,0.0,0.0,0.0,0.3697703400391668,0.3697703400391668,2.2885639406018794,2.2885639406018794,0.0,0.0,1.5511766017565678,1.5511766017565678
p3_no_shield,P3_checkpoint_1500k_no_shield,p3_1500k,0,none,1002,eval_flow_high_speed,5864,0.0,0.0,0.0,0.24334924965893587,0.24334924965893587,3.0267441257789014,3.0267441257789014,0.0,0.0,1.5504527714047556,1.5504527714047556
p3_no_shield,P3_checkpoint_1500k_no_shield,p3_1500k,0,none,1002,eval_flow_high_threat,6027,0.0,0.0,0.0,0.3069520491123279,0.3069520491123279,2.745747339362461,2.745747339362461,0.0,0.0,1.514068119646958,1.514068119646958
p3_no_shield,P3_checkpoint_1500k_no_shield,p3_1500k,0,none,1002,eval_flow_id,5613,0.0,0.0,0.0,0.32246570461428825,0.32246570461428825,2.77431554768617,2.77431554768617,0.0,0.0,1.5444287064505329,1.5444287064505329
p3_no_shield,P3_checkpoint_1500k_no_shield,p3_1500k,0,none,1002,eval_flow_mixed_ood,5680,0.0,0.0,0.0,0.311443661971831,0.311443661971831,2.565499391161673,2.565499391161673,0.0,0.0,1.5334739886014395,1.5334739886014395
p3_no_shield,P3_checkpoint_1500k_no_shield,p3_1500k,0,none,1002,eval_flow_sudden_threat,5718,0.0,0.0,0.0,0.3104232249038125,0.3104232249038125,2.5632295235366036,2.5632295235366036,0.0,0.0,1.5304883700040055,1.5304883700040055
p3_ordinary_vo,P3_checkpoint_1500k_plus_ordinary_vo,p3_1500k,1,vo_like_filter_h45_cpa1p2_h16,1000,eval_flow_high_density,8845,0.47687959299039007,0.3350343992132346,1.1563064813613881,0.45765969474279256,0.0041831543244771055,1.9010380642066347,2.6890544704124206,0.0,0.0,1.4843666158806073,1.385788580534349
p3_ordinary_vo,P3_checkpoint_1500k_plus_ordinary_vo,p3_1500k,1,vo_like_filter_h45_cpa1p2_h16,1000,eval_flow_high_speed,9260,0.3415766738660907,0.2392824499857799,1.1052675664424885,0.33218142548596113,0.0064794816414686825,2.5096673023788587,2.9652278107281203,0.0,0.0,1.487465401083939,1.4223168705761047
p3_ordinary_vo,P3_checkpoint_1500k_plus_ordinary_vo,p3_1500k,1,vo_like_filter_h45_cpa1p2_h16,1000,eval_flow_high_threat,7750,0.3749677419354839,0.25056262651061817,1.012514728307723,0.35935483870967744,0.00464516129032258,2.4932270404119152,3.2083763198304562,0.0,0.0,1.4853992190745569,1.4138878799946077
p3_ordinary_vo,P3_checkpoint_1500k_plus_ordinary_vo,p3_1500k,1,vo_like_filter_h45_cpa1p2_h16,1000,eval_flow_id,7673,0.39619444806464227,0.26415192205728333,1.019752025604248,0.3767757070246318,0.0020852339371823275,2.4003196895649395,3.1066292781364835,0.0,0.0,1.4929409130803768,1.4139697679240686
p3_ordinary_vo,P3_checkpoint_1500k_plus_ordinary_vo,p3_1500k,1,vo_like_filter_h45_cpa1p2_h16,1000,eval_flow_mixed_ood,8388,0.3998569384835479,0.2675068707138293,1.0440306663513184,0.3844778254649499,0.00536480686695279,2.1912945399609747,2.8531237283151314,0.0,0.0,1.490277151124615,1.4136037675181512
p3_ordinary_vo,P3_checkpoint_1500k_plus_ordinary_vo,p3_1500k,1,vo_like_filter_h45_cpa1p2_h16,1000,eval_flow_sudden_threat,8106,0.39945719220330617,0.26187193460942654,1.0218643546104431,0.37934863064396745,0.006044905008635579,2.219090953058885,2.945129386227244,0.0,0.0,1.4798784407382832,1.404185399663116
p3_ordinary_vo,P3_checkpoint_1500k_plus_ordinary_vo,p3_1500k,1,vo_like_filter_h45_cpa1p2_h16,1001,eval_flow_high_density,8729,0.4762286630770993,0.33461144600101544,1.1548635244369507,0.45629510825982356,0.0044678657349066335,1.8991699648500022,2.6918425650238436,0.0,0.0,1.48574157083604,1.388080240682114
p3_ordinary_vo,P3_checkpoint_1500k_plus_ordinary_vo,p3_1500k,1,vo_like_filter_h45_cpa1p2_h16,1001,eval_flow_high_speed,9238,0.3440138558129465,0.2414890946733678,1.1164900958538053,0.33448798441221045,0.007036155011907339,2.5022274787327428,2.9611096656245133,0.0,0.0,1.4882341168786983,1.4221860071517967
p3_ordinary_vo,P3_checkpoint_1500k_plus_ordinary_vo,p3_1500k,1,vo_like_filter_h45_cpa1p2_h16,1001,eval_flow_high_threat,7742,0.3752260397830018,0.25005257324522756,1.0112256109714508,0.35959700335830536,0.004391630069749419,2.4816025363781784,3.1964852694528827,0.0,0.0,1.4849429429501286,1.4133752362652978
p3_ordinary_vo,P3_checkpoint_1500k_plus_ordinary_vo,p3_1500k,1,vo_like_filter_h45_cpa1p2_h16,1001,eval_flow_id,7694,0.4005718741876787,0.2679576029217155,1.0223600745201107,0.3808162204315051,0.002079542500649857,2.3815138925134787,3.0937630799793876,0.0,0.0,1.4923950155230041,1.4122744702714929
p3_ordinary_vo,P3_checkpoint_1500k_plus_ordinary_vo,p3_1500k,1,vo_like_filter_h45_cpa1p2_h16,1001,eval_flow_mixed_ood,8369,0.40387143027840844,0.27039086933226936,1.0440306663513184,0.3884574023180786,0.005257497908949695,2.1863460518598568,2.8548082684629996,0.0,0.0,1.4908901696878032,1.4129677853400255
p3_ordinary_vo,P3_checkpoint_1500k_plus_ordinary_vo,p3_1500k,1,vo_like_filter_h45_cpa1p2_h16,1001,eval_flow_sudden_threat,8097,0.4012597258243794,0.2626297186139492,1.0225080966949462,0.38088180807706556,0.006051624058293195,2.206111123021818,2.9251653186027298,0.0,0.0,1.4794587184356085,1.4036015820154308
p3_ordinary_vo,P3_checkpoint_1500k_plus_ordinary_vo,p3_1500k,1,vo_like_filter_h45_cpa1p2_h16,1002,eval_flow_high_density,8738,0.4767681391622797,0.3350326920501184,1.1536173701286316,0.4570840009155413,0.004234378576333257,1.8954305752263307,2.6921784259122257,0.0,0.0,1.485139750477978,1.3868780999482155
p3_ordinary_vo,P3_checkpoint_1500k_plus_ordinary_vo,p3_1500k,1,vo_like_filter_h45_cpa1p2_h16,1002,eval_flow_high_speed,9121,0.34228702993092863,0.23890830202338767,1.110634207725525,0.33263896502576473,0.0071264115776778865,2.5180332243861145,2.975257881248153,0.0,0.0,1.4900027555850053,1.424514480257829
p3_ordinary_vo,P3_checkpoint_1500k_plus_ordinary_vo,p3_1500k,1,vo_like_filter_h45_cpa1p2_h16,1002,eval_flow_high_threat,7760,0.37306701030927836,0.2495805312070477,1.0115467488765717,0.35760309278350516,0.004381443298969072,2.48508042949859,3.2013113695273616,0.0,0.0,1.4842024940574907,1.4134002753984682
p3_ordinary_vo,P3_checkpoint_1500k_plus_ordinary_vo,p3_1500k,1,vo_like_filter_h45_cpa1p2_h16,1002,eval_flow_id,7540,0.39734748010610077,0.2636607253499112,1.0173028886318205,0.3779840848806366,0.001989389920424403,2.4055505663725,3.1092406364646927,0.0,0.0,1.4947204770713016,1.4153193764408325
p3_ordinary_vo,P3_checkpoint_1500k_plus_ordinary_vo,p3_1500k,1,vo_like_filter_h45_cpa1p2_h16,1002,eval_flow_mixed_ood,8443,0.39962098780054484,0.2677402435364556,1.048990726470947,0.38481582375932727,0.0050929764301788465,2.1924581470748046,2.8391851894019178,0.0,0.0,1.4889720525840977,1.4122043911045117
p3_ordinary_vo,P3_checkpoint_1500k_plus_ordinary_vo,p3_1500k,1,vo_like_filter_h45_cpa1p2_h16,1002,eval_flow_sudden_threat,8086,0.39995053178332923,0.26275900602958047,1.023777037858963,0.3791738807815978,0.005812515458817709,2.2038135845308635,2.9263584140712138,0.0,0.0,1.4795492985609466,1.4039172410832281
