method_key,method,wall_time,steps,target_steps,percent,steps_per_second,eta_minutes,recent_episode_reward_mean,approx_kl,clip_fraction,entropy_loss,policy_gradient_loss,value_loss,explained_variance,learning_rate,n_updates,std,log_std_mean,log_std_min,log_std_max,variant,training_seed
decouple_nk_gpsi,n3pf_decouple_nearestk_gpsi,2026-05-17 13:36:24,65856,750000,8.7808,219.50935155008744,51.94493956399034,13.53854422,0.01844419166445732,0.192333984375,-4.061206516623497,-0.010870344931026921,2.7355219848453998,0.6631301641464233,0.0003,160.0,0.9375446438789368,-0.06654516607522964,-0.15537825226783752,-0.004217654000967741,decouple_nk_gpsi,2
decouple_nk_gpsi,n3pf_decouple_nearestk_gpsi,2026-05-17 13:41:24,131220,750000,17.496,218.69418552348645,47.157175099620765,16.40049978,0.022481953725218773,0.247412109375,-4.11842413842678,-0.0032429670682176948,2.5905830539762973,0.5378603935241699,0.0003,320.0,0.9590008854866028,-0.0446525402367115,-0.14158758521080017,0.04087534546852112,decouple_nk_gpsi,2
decouple_nk_gpsi,n3pf_decouple_nearestk_gpsi,2026-05-17 13:46:24,197524,750000,26.336533333333332,219.46648716075597,41.95598814405162,20.966689180000003,0.028986329212784767,0.2435302734375,-4.105090963840484,-0.008233971006120555,3.130964911729097,0.7203575372695923,0.0003,480.0,0.9502825736999512,-0.05349237844347954,-0.14154459536075592,0.03164609894156456,decouple_nk_gpsi,2
decouple_nk_gpsi,n3pf_decouple_nearestk_gpsi,2026-05-17 13:51:24,262692,750000,35.0256,218.90577229507844,37.1018083024876,20.845972080000003,0.029897797852754593,0.28681640625,-4.206303605437279,-0.000570780789712444,3.2971047312021255,0.597806990146637,0.0003,640.0,0.9872530102729797,-0.015618602745234966,-0.10409630089998245,0.07842381298542023,decouple_nk_gpsi,2
decouple_nk_gpsi,n3pf_decouple_nearestk_gpsi,2026-05-17 13:56:24,328404,750000,43.7872,218.9318677386662,32.09491643485857,22.48149888,0.03455546870827675,0.2866455078125,-4.27720578610897,0.001615209542796947,4.395911140739917,0.5673220157623291,0.0003,800.0,1.0069504976272583,0.0034564684610813856,-0.08822552114725113,0.11275448650121689,decouple_nk_gpsi,2
decouple_nk_gpsi,n3pf_decouple_nearestk_gpsi,2026-05-17 14:01:24,394128,750000,52.5504,218.95567506009277,27.08858767132741,18.91625752,0.02890763245522976,0.242236328125,-4.402719497680664,-0.003964798802917358,4.204451616108417,0.5599278211593628,0.0003,960.0,1.057928204536438,0.05150361731648445,-0.04063289612531662,0.1859755516052246,decouple_nk_gpsi,2
decouple_nk_gpsi,n3pf_decouple_nearestk_gpsi,2026-05-17 14:06:24,460204,750000,61.360533333333336,219.14058160740282,22.040341856837404,24.548433499999998,0.02651175856590271,0.2782958984375,-4.53446201980114,-0.003189431704231538,3.6856520254164935,0.5450820922851562,0.0003,1120.0,1.1018606424331665,0.09281015396118164,0.00491781672462821,0.2179066687822342,decouple_nk_gpsi,2
decouple_nk_gpsi,n3pf_decouple_nearestk_gpsi,2026-05-17 14:11:24,527032,750000,70.27093333333333,219.59275609773107,16.92284116912967,22.028621740000002,0.020498909056186676,0.2053466796875,-4.639228305220604,-0.0013068517771898768,2.5076247829943896,0.6866185069084167,0.0003,1280.0,1.1410373449325562,0.1262107640504837,0.04545098543167114,0.2756773829460144,decouple_nk_gpsi,2
decouple_nk_gpsi,n3pf_decouple_nearestk_gpsi,2026-05-17 14:16:24,592712,750000,79.02826666666667,219.51888948639126,11.9418728511251,21.44077264,0.025738194584846497,0.206884765625,-4.684871909022331,-0.004266322337207385,3.550516840070486,0.6294479370117188,0.0003,1440.0,1.16163969039917,0.1436024308204651,0.05470288544893265,0.2991037368774414,decouple_nk_gpsi,2
decouple_nk_gpsi,n3pf_decouple_nearestk_gpsi,2026-05-17 14:21:24,659408,750000,87.92106666666666,219.7976909208092,6.869347263573646,21.584358239999997,0.027162758633494377,0.2404296875,-4.759496474266053,0.001689409936807351,4.74694879129529,0.38669663667678833,0.0003,1600.0,1.1909347772598267,0.16965170204639435,0.07735980302095413,0.3085004389286041,decouple_nk_gpsi,2
decouple_nk_gpsi,n3pf_decouple_nearestk_gpsi,2026-05-17 14:26:26,724996,750000,96.66613333333333,219.59483748394533,1.897737388128721,24.44423328,0.02846662700176239,0.236181640625,-4.89959656894207,-0.004909188875171821,3.4323441706597806,0.6679359674453735,0.0003,1770.0,1.2524635791778564,0.2161538451910019,0.08073118329048157,0.3962826132774353,decouple_nk_gpsi,2
decouple_nk_gpsi,n3pf_decouple_nearestk_gpsi,2026-05-17 13:36:22,66076,750000,8.810133333333333,220.24860013453466,51.753942256026306,9.23174132,0.014057271182537079,0.169140625,-4.098314270377159,-0.009864247564109974,1.5563018675893545,0.8080410957336426,0.0003,160.0,0.9526050090789795,-0.05050485208630562,-0.13460557162761688,0.01598414033651352,decouple_nk_gpsi,1
decouple_nk_gpsi,n3pf_decouple_nearestk_gpsi,2026-05-17 13:41:22,131484,750000,17.5312,219.1353534202857,47.0421583697125,13.686290600000001,0.030733508989214897,0.281640625,-4.044027230143547,-0.006293575948802754,1.9538728211075067,0.7582228183746338,0.0003,320.0,0.934459924697876,-0.06955964118242264,-0.14513224363327026,0.0006679257494397461,decouple_nk_gpsi,1
decouple_nk_gpsi,n3pf_decouple_nearestk_gpsi,2026-05-17 13:46:22,196376,750000,26.183466666666668,218.1909476708443,42.28895270479469,12.52523692,0.02430379018187523,0.23408203125,-4.10717299580574,-0.00997789368557278,0.5407831071875989,0.9299451112747192,0.0003,470.0,0.9563286900520325,-0.045790817588567734,-0.08320312201976776,0.021144863218069077,decouple_nk_gpsi,1
decouple_nk_gpsi,n3pf_decouple_nearestk_gpsi,2026-05-17 13:51:22,260576,750000,34.74346666666667,217.1413634655947,37.56569700253874,14.931838940000002,0.03090457245707512,0.3016845703125,-4.176951473951339,0.0011062784818932415,2.206433811597526,0.7444684505462646,0.0003,630.0,0.9764867424964905,-0.024219639599323273,-0.06189684942364693,0.00927422009408474,decouple_nk_gpsi,1
decouple_nk_gpsi,n3pf_decouple_nearestk_gpsi,2026-05-17 13:56:22,325928,750000,43.45706666666667,217.27929674973223,32.52894671694199,13.775326580000003,0.03067246824502945,0.3,-4.22018184363842,-0.009725073055597023,1.9718747548758984,0.8726677894592285,0.0003,790.0,0.9904689788818359,-0.01053835079073906,-0.05826946720480919,0.04742823913693428,decouple_nk_gpsi,1
decouple_nk_gpsi,n3pf_decouple_nearestk_gpsi,2026-05-17 14:01:22,389260,750000,51.90133333333333,216.25029640139186,27.802659387682745,18.05282562,0.03646917641162872,0.3257080078125,-4.270702731609345,-0.00687653689092258,2.593695989251137,0.7977880239486694,0.0003,950.0,1.0067123174667358,0.005708331707865,-0.054562486708164215,0.05137106776237488,decouple_nk_gpsi,1
decouple_nk_gpsi,n3pf_decouple_nearestk_gpsi,2026-05-17 14:06:22,455152,750000,60.686933333333336,216.73430524804294,22.673537203578928,23.962316640000004,0.04456660896539688,0.326611328125,-4.2997141003608705,-0.000816111292806454,3.0815950661897658,0.6888023614883423,0.0003,1110.0,1.0137754678726196,0.012624449096620083,-0.039334993809461594,0.07229548692703247,decouple_nk_gpsi,1
decouple_nk_gpsi,n3pf_decouple_nearestk_gpsi,2026-05-17 14:11:22,520416,750000,69.3888,216.83485730914538,17.646609255930805,18.47643998,0.04268666356801987,0.33193359375,-4.328923207521439,0.0003454947203863412,2.764149217680097,0.7894861698150635,0.0003,1270.0,1.0313631296157837,0.028660917654633522,-0.05225735530257225,0.11094986647367477,decouple_nk_gpsi,1
decouple_nk_gpsi,n3pf_decouple_nearestk_gpsi,2026-05-17 14:16:24,585732,750000,78.0976,216.8306250725194,12.626445176203028,23.31838844,0.035243138670921326,0.304931640625,-4.454429721832275,0.0032602959690848365,2.433810053765774,0.6545004844665527,0.0003,1430.0,1.0714524984359741,0.06710406392812729,0.00013011718692723662,0.14887675642967224,decouple_nk_gpsi,1
decouple_nk_gpsi,n3pf_decouple_nearestk_gpsi,2026-05-17 14:21:24,651696,750000,86.8928,217.13507735390672,7.545533499083545,20.896962399999996,0.02981017902493477,0.2553955078125,-4.598770254850388,-0.006898326364171226,2.6124030884355305,0.7330974340438843,0.0003,1590.0,1.1222498416900635,0.11135401576757431,-0.0034425242338329554,0.21499933302402496,decouple_nk_gpsi,1
decouple_nk_gpsi,n3pf_decouple_nearestk_gpsi,2026-05-17 14:26:24,716264,750000,95.50186666666667,216.9611442330025,2.5915546705580974,13.693485760000002,0.033317215740680695,0.3263427734375,-4.724133917689324,-0.0062446915690088645,1.1513159781694413,0.8592269420623779,0.0003,1740.0,1.1802846193313599,0.16122615337371826,0.06396977603435516,0.2893390357494354,decouple_nk_gpsi,1
decouple_nk_obs,n3pf_decouple_nearestk_obs_only,2026-05-17 13:36:19,65984,750000,8.797866666666666,219.93450123054174,51.83482629092639,7.79947368,0.020806454122066498,0.2130126953125,-4.064703437685966,-0.010693084298691247,1.211495968233794,0.8725067377090454,0.0003,160.0,0.9365469813346863,-0.06705013662576675,-0.14408765733242035,-0.019145656377077103,decouple_nk_obs,0
decouple_nk_obs,n3pf_decouple_nearestk_obs_only,2026-05-17 13:41:19,130064,750000,17.341866666666668,216.76363816167998,47.666051161957434,7.879129419999999,0.023093778640031815,0.272265625,-4.059945303201675,-0.01721791891104658,0.3181394667364657,0.9502257108688354,0.0003,310.0,0.9392907023429871,-0.06544825434684753,-0.17231062054634094,-0.00528608588501811,decouple_nk_obs,0
decouple_nk_obs,n3pf_decouple_nearestk_obs_only,2026-05-17 13:46:19,194948,750000,25.993066666666667,216.6012434983555,42.709203868152784,16.397210480000002,0.032474443316459656,0.3017333984375,-3.916416722536087,-0.012519797321874648,2.15590400993824,0.8009265661239624,0.0003,470.0,0.8954320549964905,-0.11338648200035095,-0.22254207730293274,-0.05223981291055679,decouple_nk_obs,0
decouple_nk_obs,n3pf_decouple_nearestk_obs_only,2026-05-17 13:51:19,258860,750000,34.51466666666666,215.70912005183828,37.94770784239221,15.048076799999999,0.03671591728925705,0.32783203125,-3.8188021942973136,-0.007273415033705532,1.8839899439364671,0.8498825430870056,0.0003,630.0,0.8670156002044678,-0.1452181190252304,-0.24137893319129944,-0.07056371122598648,decouple_nk_obs,0
decouple_nk_obs,n3pf_decouple_nearestk_obs_only,2026-05-17 13:56:20,323588,750000,43.145066666666665,215.46765687178217,32.98344990541078,10.5340135,0.055812302976846695,0.3684814453125,-3.8774151250720026,-0.007854265050264075,1.2788761707022787,0.8283820748329163,0.0003,790.0,0.8834235072135925,-0.12565763294696808,-0.20783481001853943,-0.07348992675542831,decouple_nk_obs,0
decouple_nk_obs,n3pf_decouple_nearestk_obs_only,2026-05-17 14:01:20,388656,750000,51.8208,215.70343972324034,27.91981438834299,13.01432268,0.06045360490679741,0.3928955078125,-4.0250615060329435,-0.0016374785802327097,1.85311795566231,0.7482484579086304,0.0003,940.0,0.9239132404327393,-0.08129686117172241,-0.1498241275548935,0.006833553314208984,decouple_nk_obs,0
decouple_nk_obs,n3pf_decouple_nearestk_obs_only,2026-05-17 14:06:20,454416,750000,60.5888,216.20230528984013,22.786066010700875,16.587981420000002,0.06572480499744415,0.4132568359375,-4.163786023855209,-0.0009900332137476654,3.102297841012478,0.698309063911438,0.0003,1100.0,0.9790654182434082,-0.02511519193649292,-0.11956852674484253,0.09325949847698212,decouple_nk_obs,0
decouple_nk_obs,n3pf_decouple_nearestk_obs_only,2026-05-17 14:11:20,519092,750000,69.21226666666666,216.12537082142055,17.806639970309487,18.15349496,0.04647050052881241,0.34609375,-4.385355022549629,-0.004097018587344792,2.252817431092262,0.824191689491272,0.0003,1260.0,1.0489686727523804,0.04261620715260506,-0.0708572119474411,0.17545290291309357,decouple_nk_obs,0
decouple_nk_obs,n3pf_decouple_nearestk_obs_only,2026-05-17 14:16:20,582008,750000,77.60106666666667,215.41387426246555,12.997615294060587,17.50711868,0.050240349024534225,0.3735107421875,-4.410652044415474,-0.006028244827029993,1.427111304178834,0.8364155292510986,0.0003,1420.0,1.059327244758606,0.050480883568525314,-0.06099063903093338,0.21438351273536682,decouple_nk_obs,0
decouple_nk_obs,n3pf_decouple_nearestk_obs_only,2026-05-17 14:21:20,646912,750000,86.25493333333333,215.50706988213244,7.972514935463761,23.018908879999994,0.05637084320187569,0.36162109375,-4.538030984997749,-0.008294897050654981,1.8651752460747957,0.8729287385940552,0.0003,1570.0,1.106302261352539,0.09438705444335938,0.003434239886701107,0.25488603115081787,decouple_nk_obs,0
decouple_nk_obs,n3pf_decouple_nearestk_obs_only,2026-05-17 14:26:20,711516,750000,94.8688,215.49165547710544,2.97644935985999,21.44374746,0.04954443871974945,0.3423828125,-4.674938821792603,-0.0008944951332523488,3.3467603415250777,0.7649943232536316,0.0003,1730.0,1.1642717123031616,0.14536495506763458,0.053682077676057816,0.3069843351840973,decouple_nk_obs,0
decouple_nk_gpsi,n3pf_decouple_nearestk_gpsi,2026-05-17 13:36:22,66740,750000,8.898666666666667,222.4597734240168,51.18977912901736,12.023928039999998,0.022275341674685478,0.2105712890625,-4.132750371098519,-0.008681825546955225,1.946429794281721,0.7304788827896118,0.0003,160.0,0.9629401564598083,-0.0402461439371109,-0.1398831009864807,0.020650476217269897,decouple_nk_gpsi,0
decouple_nk_gpsi,n3pf_decouple_nearestk_gpsi,2026-05-17 13:41:22,130920,750000,17.456,218.19340828647145,47.28832131561576,10.48356976,0.02733112871646881,0.3007080078125,-4.119903695583344,-0.002208682560012676,3.3798410065472124,0.6962935924530029,0.0003,310.0,0.9585056304931641,-0.04531819000840187,-0.15001565217971802,0.03361309692263603,decouple_nk_gpsi,0
decouple_nk_gpsi,n3pf_decouple_nearestk_gpsi,2026-05-17 13:46:22,194152,750000,25.88693333333333,215.71751536584148,42.94567048773033,15.458904299999999,0.035918448120355606,0.2963134765625,-4.124812808632851,-0.002743193591595627,1.304432991333306,0.8755946755409241,0.0003,470.0,0.9644436836242676,-0.041456159204244614,-0.17794154584407806,0.07137884944677353,decouple_nk_gpsi,0
decouple_nk_gpsi,n3pf_decouple_nearestk_gpsi,2026-05-17 13:51:22,257656,750000,34.35413333333333,214.7055313271567,38.21854650232499,11.314896280000001,0.03384029492735863,0.3474365234375,-4.172177243232727,-0.005904758804535959,1.0624362965114416,0.8815789818763733,0.0003,620.0,0.9748919606208801,-0.031781021505594254,-0.17486876249313354,0.10160499811172485,decouple_nk_gpsi,0
decouple_nk_gpsi,n3pf_decouple_nearestk_gpsi,2026-05-17 13:56:22,319812,750000,42.6416,213.20088243285136,33.62931671850919,17.0192762,0.03628627210855484,0.30771484375,-4.211883670091629,-0.004527265732758678,1.5644570434466005,0.8812069296836853,0.0003,780.0,0.9929535984992981,-0.01566021703183651,-0.18701091408729553,0.13388869166374207,decouple_nk_gpsi,0
decouple_nk_gpsi,n3pf_decouple_nearestk_gpsi,2026-05-17 14:01:22,384768,750000,51.3024,213.75342220474343,28.47767271847177,18.4720731,0.04360122233629227,0.35302734375,-4.301031512022019,0.003583033022005111,4.052335707843303,0.6933722496032715,0.0003,930.0,1.02337646484375,0.016046695411205292,-0.13220684230327606,0.159367173910141,decouple_nk_gpsi,0
decouple_nk_gpsi,n3pf_decouple_nearestk_gpsi,2026-05-17 14:06:22,448476,750000,59.7968,213.55350635787858,23.532275754715556,17.1902798,0.043170832097530365,0.334375,-4.375883647799492,-0.01163350015267497,0.6305060504935682,0.9331209659576416,0.0003,1090.0,1.0497350692749023,0.042561307549476624,-0.10616416484117508,0.1575985699892044,decouple_nk_gpsi,0
decouple_nk_gpsi,n3pf_decouple_nearestk_gpsi,2026-05-17 14:11:23,512004,750000,68.2672,213.30007619090125,18.596336535997935,21.413027900000003,0.03664949908852577,0.3336181640625,-4.471079310774803,0.00039603098412044346,2.8385878086090086,0.7039816379547119,0.0003,1250.0,1.0778148174285889,0.06802358478307724,-0.09575146436691284,0.18326444923877716,decouple_nk_gpsi,0
decouple_nk_gpsi,n3pf_decouple_nearestk_gpsi,2026-05-17 14:16:23,577540,750000,77.00533333333334,213.8258461149474,13.442403645573155,19.024566900000003,0.03154129534959793,0.285546875,-4.713631668686867,0.0057003392517799515,3.7534525524824858,0.6773184537887573,0.0003,1410.0,1.1730990409851074,0.1531820297241211,-0.006883926223963499,0.2591840624809265,decouple_nk_gpsi,0
decouple_nk_gpsi,n3pf_decouple_nearestk_gpsi,2026-05-17 14:21:23,643288,750000,85.77173333333333,214.35825490633238,8.297013493184553,23.102357300000005,0.04396898299455643,0.3128662109375,-4.869795286655426,0.002743505738908425,3.7157652460038664,0.6717836856842041,0.0003,1570.0,1.2375292778015137,0.20977835357189178,0.09577561914920807,0.2876772880554199,decouple_nk_gpsi,0
decouple_nk_gpsi,n3pf_decouple_nearestk_gpsi,2026-05-17 14:26:23,708756,750000,94.5008,214.7094866429597,3.20153529658928,21.515317239999998,0.027143750339746475,0.2630859375,-5.036109289526939,-0.002426027046749368,3.4021069101989267,0.6367647051811218,0.0003,1730.0,1.3013988733291626,0.26069092750549316,0.1556975543498993,0.3242712914943695,decouple_nk_gpsi,0
decouple_nk_obs,n3pf_decouple_nearestk_obs_only,2026-05-17 13:36:19,66104,750000,8.813866666666666,220.33996361297994,51.73036465907454,8.88647182,0.021967336535453796,0.18271484375,-4.058374774456024,-0.010693742062721867,3.499763133749366,0.6762560606002808,0.0003,160.0,0.9388508796691895,-0.06526393443346024,-0.15897390246391296,-0.014473742805421352,decouple_nk_obs,1
decouple_nk_obs,n3pf_decouple_nearestk_obs_only,2026-05-17 13:41:19,130512,750000,17.4016,217.51504982553578,47.467060363323384,8.248232860000002,0.024723563343286514,0.2468994140625,-4.126753139495849,-0.013231164292665198,1.0771050600335002,0.8469548225402832,0.0003,310.0,0.9582939147949219,-0.045325249433517456,-0.14577923715114594,0.03140401095151901,decouple_nk_obs,1
decouple_nk_obs,n3pf_decouple_nearestk_obs_only,2026-05-17 13:46:19,193436,750000,25.79146666666667,214.92430597989792,43.159691149749555,10.24176998,0.03668805956840515,0.32998046875,-4.086909604072571,-0.008531456590571907,1.9500200567767023,0.8553566932678223,0.0003,470.0,0.9445082545280457,-0.06015652418136597,-0.16474010050296783,0.02509962022304535,decouple_nk_obs,1
decouple_nk_obs,n3pf_decouple_nearestk_obs_only,2026-05-17 13:51:19,255908,750000,34.121066666666664,213.25243306867984,38.61558130037633,9.894539100000001,0.03338494896888733,0.2712158203125,-4.097244048118592,-0.00595676435623318,1.3787480125203728,0.809075117111206,0.0003,620.0,0.9547486901283264,-0.05104681849479675,-0.1750328540802002,0.06360463052988052,decouple_nk_obs,1
decouple_nk_obs,n3pf_decouple_nearestk_obs_only,2026-05-17 13:56:19,319928,750000,42.657066666666665,213.2803766105101,33.60771759962021,13.99382452,0.037918832153081894,0.3257568359375,-4.101246306300164,-0.009782283598906361,1.347239435557276,0.9035941958427429,0.0003,780.0,0.9597527384757996,-0.047259699553251266,-0.18353618681430817,0.08900048583745956,decouple_nk_obs,1
decouple_nk_obs,n3pf_decouple_nearestk_obs_only,2026-05-17 14:01:19,382856,750000,51.047466666666665,212.69186998580514,28.769631237315497,17.131338220000004,0.03338094428181648,0.2769775390625,-4.118341729044914,-0.01581750561017543,0.8125923841260374,0.9321148991584778,0.0003,930.0,0.9627742171287537,-0.04101712629199028,-0.13607008755207062,0.05614101514220238,decouple_nk_obs,1
decouple_nk_obs,n3pf_decouple_nearestk_obs_only,2026-05-17 14:06:19,446604,750000,59.5472,212.66347093185948,23.777473290747754,17.09346652,0.04328218847513199,0.288671875,-4.148669776320458,-0.009103740693535655,2.937541224062443,0.8252468705177307,0.0003,1090.0,0.9713554382324219,-0.03344451263546944,-0.14025141298770905,0.08715393394231796,decouple_nk_obs,1
decouple_nk_obs,n3pf_decouple_nearestk_obs_only,2026-05-17 14:11:19,510684,750000,68.0912,212.77940253766312,18.74523545244938,15.414981079999997,0.03357793390750885,0.30556640625,-4.312587919831276,-0.015787203090440016,0.4642364989034832,0.9466072916984558,0.0003,1240.0,1.023140549659729,0.017656253650784492,-0.08504965901374817,0.1557287722826004,decouple_nk_obs,1
decouple_nk_obs,n3pf_decouple_nearestk_obs_only,2026-05-17 14:16:19,574936,750000,76.65813333333334,212.93351715723637,13.702555484389963,21.39013228,0.055767010897397995,0.324072265625,-4.291797345876693,-0.007555358472745866,2.278739191032946,0.8246909976005554,0.0003,1400.0,1.0168501138687134,0.010182361118495464,-0.10837581008672714,0.1630658209323883,decouple_nk_obs,1
decouple_nk_obs,n3pf_decouple_nearestk_obs_only,2026-05-17 14:21:19,639196,750000,85.22613333333334,213.05962897448973,8.667683043578604,15.7948814,0.049764811992645264,0.3713134765625,-4.309886398911476,-0.0033440873652580195,2.0015748243778946,0.8094613552093506,0.0003,1560.0,1.0281046628952026,0.022674059495329857,-0.07364270836114883,0.15983018279075623,decouple_nk_obs,1
decouple_nk_obs,n3pf_decouple_nearestk_obs_only,2026-05-17 14:26:19,703080,750000,93.744,213.0484163042899,3.670527167322829,20.88262916,0.06114811822772026,0.35927734375,-4.263719365000725,-0.012085875385673716,2.641036386787891,0.8404785394668579,0.0003,1710.0,1.0101909637451172,0.0035552680492401123,-0.09468784928321838,0.16255220770835876,decouple_nk_obs,1
decouple_nk_obs,n3pf_decouple_nearestk_obs_only,2026-05-17 13:36:21,65000,750000,8.666666666666666,216.6543689529151,52.69529860783846,6.151983860000001,0.020036645233631134,0.22529296875,-4.014008811116218,-0.010993257323571015,0.8725154046900571,0.9034967422485352,0.0003,150.0,0.920535147190094,-0.0850290060043335,-0.17990654706954956,-0.03097456507384777,decouple_nk_obs,2
decouple_nk_obs,n3pf_decouple_nearestk_obs_only,2026-05-17 13:41:21,128996,750000,17.199466666666666,214.98197746267792,48.143880658384475,9.210060440000001,0.025347594171762466,0.24814453125,-4.071424373984337,-0.011849383234221023,0.8361809528432786,0.8939386010169983,0.0003,310.0,0.9412959218025208,-0.06287180632352829,-0.1611594259738922,-0.013604910112917423,decouple_nk_obs,2
decouple_nk_obs,n3pf_decouple_nearestk_obs_only,2026-05-17 13:46:21,192284,750000,25.637866666666667,213.64088147372263,43.50883876974625,14.002513059999998,0.024451112374663353,0.2623046875,-4.074066692590714,-0.01881992862035986,0.8118668423965574,0.9299525618553162,0.0003,460.0,0.9418706893920898,-0.0619945228099823,-0.15447182953357697,-0.012716478668153286,decouple_nk_obs,2
decouple_nk_obs,n3pf_decouple_nearestk_obs_only,2026-05-17 13:51:21,256092,750000,34.1456,213.4013060788688,38.57427187890637,18.16018212,0.033202335238456726,0.2865234375,-4.090503591299057,-0.0050172025003121234,2.604246300831437,0.8268139362335205,0.0003,620.0,0.9474770426750183,-0.05693626403808594,-0.15949241816997528,0.02818271890282631,decouple_nk_obs,2
decouple_nk_obs,n3pf_decouple_nearestk_obs_only,2026-05-17 13:56:21,320656,750000,42.754133333333336,213.76236505890816,33.47517852995953,15.090524700000001,0.041282787919044495,0.3147705078125,-4.1221010237932205,-0.006953099576639943,3.563566646724939,0.7809135913848877,0.0003,780.0,0.9594826698303223,-0.04377494379878044,-0.12090643495321274,0.04710015654563904,decouple_nk_obs,2
decouple_nk_obs,n3pf_decouple_nearestk_obs_only,2026-05-17 14:01:21,384604,750000,51.28053333333333,213.66087073446923,28.502801249470263,20.924391019999998,0.05606115609407425,0.34375,-4.166773414611816,-0.005224525072844699,3.0884628888219594,0.7680774927139282,0.0003,930.0,0.9753186106681824,-0.028684794902801514,-0.11605159193277359,0.0872621238231659,decouple_nk_obs,2
decouple_nk_obs,n3pf_decouple_nearestk_obs_only,2026-05-17 14:06:21,448388,750000,59.785066666666665,213.5106594369748,23.543867458057868,20.421308639999996,0.0469832569360733,0.3240478515625,-4.264325049519539,-0.011683772037213203,1.5782128371298314,0.8787083625793457,0.0003,1090.0,1.0074604749679565,0.003101510228589177,-0.06421323865652084,0.13337048888206482,decouple_nk_obs,2
decouple_nk_obs,n3pf_decouple_nearestk_obs_only,2026-05-17 14:11:22,512004,750000,68.2672,213.1798649049276,18.60682293690821,16.315189919999998,0.04837019741535187,0.3896484375,-4.370347809791565,-0.008652696263743565,1.4843023238703608,0.819528341293335,0.0003,1250.0,1.0446876287460327,0.03872576355934143,-0.04966006800532341,0.17689891159534454,decouple_nk_obs,2
decouple_nk_obs,n3pf_decouple_nearestk_obs_only,2026-05-17 14:16:22,576264,750000,76.8352,213.29281570567431,13.575703384194984,21.30538876,0.036897577345371246,0.2914794921875,-4.4741587281227115,-0.0051720169474720025,3.1298635583370924,0.7136459350585938,0.0003,1400.0,1.0854209661483765,0.07659804075956345,-0.027025533840060234,0.216798335313797,decouple_nk_obs,2
decouple_nk_obs,n3pf_decouple_nearestk_obs_only,2026-05-17 14:21:22,639016,750000,85.20213333333334,212.8808311310948,8.689055390779847,17.835951820000002,0.05282328650355339,0.3483154296875,-4.584740272164344,-0.007555102989863371,1.4761601330712437,0.844170093536377,0.0003,1560.0,1.123978614807129,0.11323738098144531,0.013530058786273003,0.2215656340122223,decouple_nk_obs,2
decouple_nk_obs,n3pf_decouple_nearestk_obs_only,2026-05-17 14:26:22,703012,750000,93.73493333333333,212.92020217145375,3.6780602561269222,18.924168799999997,0.0585419237613678,0.364013671875,-4.6134028166532515,-0.0035023371790884996,2.5980221830308436,0.7694745063781738,0.0003,1710.0,1.1315182447433472,0.12129074335098267,0.05469295755028725,0.21298088133335114,decouple_nk_obs,2
decouple_deepsets_obs,n3pf_decouple_deepsets_obs_only,2026-05-17 13:41:26,64824,750000,8.6432,216.07815792210894,52.849395375336805,12.462467400000003,0.01199711300432682,0.122607421875,-4.095339265465737,-0.008721036044880748,2.724233590811491,0.7359719276428223,0.0003,150.0,0.9495225548744202,-0.05401691421866417,-0.14830371737480164,0.0030821948312222958,decouple_deepsets_obs,0
decouple_deepsets_obs,n3pf_decouple_deepsets_obs_only,2026-05-17 13:46:26,130484,750000,17.397866666666665,217.46777847300538,47.47952427328611,14.560180799999998,0.018048152327537537,0.17255859375,-4.08167136311531,-0.007766491619986482,2.60455776527524,0.7662724256515503,0.0003,310.0,0.9476060271263123,-0.056711241602897644,-0.16534343361854553,-0.0021162249613553286,decouple_deepsets_obs,0
decouple_deepsets_obs,n3pf_decouple_deepsets_obs_only,2026-05-17 13:51:26,194652,750000,25.9536,216.27337969314513,42.79676034624508,19.96846196,0.022644970566034317,0.1997314453125,-4.088244283199311,-0.007325063325697556,2.5357207108289,0.744985818862915,0.0003,470.0,0.9519075751304626,-0.05158251151442528,-0.14749452471733093,0.006159637123346329,decouple_deepsets_obs,0
decouple_deepsets_obs,n3pf_decouple_deepsets_obs_only,2026-05-17 13:56:26,258656,750000,34.48746666666667,215.54111703934308,37.99306034575251,23.271291199999997,0.021088294684886932,0.235009765625,-4.154878705739975,-0.006122149256407283,2.7480593975633383,0.6677878499031067,0.0003,630.0,0.9694004058837891,-0.033580515533685684,-0.13089226186275482,0.03748776763677597,decouple_deepsets_obs,0
decouple_deepsets_obs,n3pf_decouple_deepsets_obs_only,2026-05-17 14:01:26,323388,750000,43.1184,215.58731382581558,32.98060481306756,18.16236586,0.024683600291609764,0.2466796875,-4.208937799930572,-0.0017846697679487987,4.244701677560807,0.6740155816078186,0.0003,780.0,0.9868600964546204,-0.017067743465304375,-0.12428231537342072,0.09048653393983841,decouple_deepsets_obs,0
decouple_deepsets_obs,n3pf_decouple_deepsets_obs_only,2026-05-17 14:06:26,387788,750000,51.70506666666667,215.43348097719988,28.021952016388624,21.972169999999995,0.026997745037078857,0.243994140625,-4.353452405333519,-0.002732109304633923,4.635366085171699,0.6059508919715881,0.0003,940.0,1.0333861112594604,0.02935524843633175,-0.06940482556819916,0.13456828892230988,decouple_deepsets_obs,0
decouple_deepsets_obs,n3pf_decouple_deepsets_obs_only,2026-05-17 14:11:26,452220,750000,60.296,215.33773822432846,23.04751615264848,25.76406968,0.024003705009818077,0.2323974609375,-4.337123286724091,0.0002821424641297199,2.4527237422764303,0.6690879464149475,0.0003,1100.0,1.0334566831588745,0.02768693119287491,-0.0971255674958229,0.15331609547138214,decouple_deepsets_obs,0
decouple_deepsets_obs,n3pf_decouple_deepsets_obs_only,2026-05-17 14:16:28,516100,750000,68.81333333333333,214.86133729082397,18.14348445600882,24.24228068,0.035190045833587646,0.2372802734375,-4.451407763361931,-0.004222289309836924,2.6162961017340423,0.7133692502975464,0.0003,1260.0,1.0824490785598755,0.07342877238988876,-0.04111849144101143,0.2164006531238556,decouple_deepsets_obs,0
decouple_deepsets_obs,n3pf_decouple_deepsets_obs_only,2026-05-17 14:21:28,580360,750000,77.38133333333333,214.7877459835601,13.163382856812223,22.859882740000003,0.03117826022207737,0.242138671875,-4.520825991034508,0.0009649402636568993,3.4494430780410767,0.5758898258209229,0.0003,1410.0,1.0954476594924927,0.0867350772023201,-0.0016314255772158504,0.21583081781864166,decouple_deepsets_obs,0
decouple_deepsets_obs,n3pf_decouple_deepsets_obs_only,2026-05-17 14:26:28,645268,750000,86.03573333333334,214.94377112262413,8.120883541852056,21.742480420000003,0.027586834505200386,0.2297119140625,-4.5954926997423176,-0.0038600350220804104,3.58868662007153,0.588310956954956,0.0003,1570.0,1.1224786043167114,0.11219421029090881,0.047811076045036316,0.2265506237745285,decouple_deepsets_obs,0
decouple_deepsets_obs,n3pf_decouple_deepsets_obs_only,2026-05-17 14:31:28,710564,750000,94.74186666666667,215.1891328793651,3.054367373816827,23.549731660000003,0.027662385255098343,0.2029296875,-4.6641088157892225,-0.002449393017741386,3.2536313477903605,0.5491127967834473,0.0003,1730.0,1.1555280685424805,0.1416318416595459,0.07885103672742844,0.24838636815547943,decouple_deepsets_obs,0
decouple_deepsets_obs,n3pf_decouple_deepsets_obs_only,2026-05-17 13:41:26,63980,750000,8.530666666666667,213.26470772942548,53.61255872290346,8.76563136,0.014093009755015373,0.127880859375,-4.076970931887627,-0.006570198059489485,1.550158982537687,0.8836089372634888,0.0003,150.0,0.9447195529937744,-0.058753129094839096,-0.14409907162189484,0.00016711473290342838,decouple_deepsets_obs,1
decouple_deepsets_obs,n3pf_decouple_deepsets_obs_only,2026-05-17 13:46:26,128140,750000,17.085333333333335,213.5593116074182,48.531404485822094,11.40456136,0.026162978261709213,0.2453369140625,-4.015462666749954,-0.006841731762688141,1.4474839007481932,0.8557468056678772,0.0003,310.0,0.9266809821128845,-0.07991141080856323,-0.1985035538673401,0.009604345075786114,decouple_deepsets_obs,1
decouple_deepsets_obs,n3pf_decouple_deepsets_obs_only,2026-05-17 13:51:26,192048,750000,25.6064,213.3787573698183,43.58072056761982,18.53333348,0.026496488600969315,0.223681640625,-3.9726563066244127,-0.00028572833180078304,3.3893082477152348,0.6871382594108582,0.0003,460.0,0.9154436588287354,-0.09314613789319992,-0.22827310860157013,0.0054794433526694775,decouple_deepsets_obs,1
decouple_deepsets_obs,n3pf_decouple_deepsets_obs_only,2026-05-17 13:56:26,257068,750000,34.275733333333335,214.21500263016028,38.351811182512535,21.513125979999998,0.04389481246471405,0.3076904296875,-3.9457909598946572,0.00014976471138652414,3.057190591469407,0.7143706679344177,0.0003,620.0,0.9047586917877197,-0.1033329963684082,-0.20570597052574158,-0.008312161080539227,decouple_deepsets_obs,1
decouple_deepsets_obs,n3pf_decouple_deepsets_obs_only,2026-05-17 14:01:26,321712,750000,42.894933333333334,214.4672979939669,33.28308511414236,23.120785880000003,0.027487415820360184,0.2458251953125,-4.0355279058218,-0.0003066473043872975,1.8333907010033728,0.6910314559936523,0.0003,780.0,0.9342827200889587,-0.07059736549854279,-0.1487717479467392,0.025227447971701622,decouple_deepsets_obs,1
decouple_deepsets_obs,n3pf_decouple_deepsets_obs_only,2026-05-17 14:06:26,386896,750000,51.586133333333336,214.93446242974997,28.15617963225095,24.574290899999998,0.03279464691877365,0.2703369140625,-4.035483857989311,0.001891241702833213,3.0444053806364537,0.5794652104377747,0.0003,940.0,0.9302260875701904,-0.07522841542959213,-0.18172946572303772,-0.0036815772764384747,decouple_deepsets_obs,1
decouple_deepsets_obs,n3pf_decouple_deepsets_obs_only,2026-05-17 14:11:26,451876,750000,60.25013333333333,215.1713209551543,23.091986939880847,25.107136620000002,0.030781669542193413,0.2497314453125,-4.2243481278419495,-0.002799764211522415,3.1066591277718545,0.6225959062576294,0.0003,1100.0,0.992483913898468,-0.010690500028431416,-0.12163075804710388,0.06388510018587112,decouple_deepsets_obs,1
decouple_deepsets_obs,n3pf_decouple_deepsets_obs_only,2026-05-17 14:16:27,516100,750000,68.81333333333333,214.88593259929286,18.141407797981476,22.994467999999998,0.02917732670903206,0.2486083984375,-4.264730280637741,0.00015444327145814897,2.2064658381044864,0.7294472455978394,0.0003,1260.0,1.0084954500198364,0.005293088499456644,-0.06834132224321365,0.11488278210163116,decouple_deepsets_obs,1
decouple_deepsets_obs,n3pf_decouple_deepsets_obs_only,2026-05-17 14:21:27,579176,750000,77.22346666666667,214.3714773229445,13.280995691314113,21.43125042,0.029238780960440636,0.257275390625,-4.290499514341354,-0.006982768789748661,2.752571665123105,0.7433260083198547,0.0003,1410.0,1.011614203453064,0.008439379744231701,-0.052753932774066925,0.1187654510140419,decouple_deepsets_obs,1
decouple_deepsets_obs,n3pf_decouple_deepsets_obs_only,2026-05-17 14:26:27,643096,750000,85.74613333333333,214.24095373107215,8.316492726082007,19.553264459999998,0.03474574536085129,0.2866943359375,-4.348846501111984,0.0005762938264524565,4.669484014064073,0.5783233642578125,0.0003,1570.0,1.0340772867202759,0.030065909028053284,-0.049398746341466904,0.1436217576265335,decouple_deepsets_obs,1
decouple_deepsets_obs,n3pf_decouple_deepsets_obs_only,2026-05-17 14:31:29,708612,750000,94.4816,214.53703089623983,3.2152957329479386,23.059654060000003,0.02398313581943512,0.2035400390625,-4.464702397584915,0.0006138668715720997,3.3289764143526552,0.7061372995376587,0.0003,1730.0,1.0800211429595947,0.06970947235822678,-0.07041572779417038,0.22332949936389923,decouple_deepsets_obs,1
decouple_nk_obs,n3pf_decouple_nearestk_obs_only,2026-05-17 14:41:35,66904,750000,8.920533333333333,223.00865761565748,51.05153071211525,9.46738032,0.01620137318968773,0.185546875,-4.122957143187523,-0.007602509486605413,2.9392654124647377,0.6476715803146362,0.0003,160.0,0.9580222964286804,-0.04445609822869301,-0.12412607669830322,-0.00020539421529974788,decouple_nk_obs,3
decouple_nk_obs,n3pf_decouple_nearestk_obs_only,2026-05-17 14:46:35,134324,750000,17.909866666666666,223.86903116779115,45.8360257027949,11.53152294,0.03198150545358658,0.2838134765625,-4.093728172779083,-0.006612868227239233,2.8441658608615397,0.674317479133606,0.0003,320.0,0.9512242674827576,-0.05144866928458214,-0.1267799437046051,-0.0026526181027293205,decouple_nk_obs,3
decouple_nk_obs,n3pf_decouple_nearestk_obs_only,2026-05-17 14:51:35,201584,750000,26.877866666666666,223.9775851672925,40.80884549156851,21.603081780000004,0.035159267485141754,0.2947265625,-4.169497266411781,-0.007325020425196271,3.1522047355771066,0.6169677972793579,0.0003,490.0,0.9727632403373718,-0.02859603799879551,-0.0890498012304306,0.016629550606012344,decouple_nk_obs,3
decouple_nk_obs,n3pf_decouple_nearestk_obs_only,2026-05-17 14:56:35,267764,750000,35.70186666666667,223.1305888735567,36.02046096522074,18.689792,0.03732308745384216,0.2908447265625,-4.309285768866539,-0.007866579001711217,1.8750271635130047,0.7880338430404663,0.0003,650.0,1.016861081123352,0.015434478409588337,-0.05654672533273697,0.05581814423203468,decouple_nk_obs,3
decouple_nk_obs,n3pf_decouple_nearestk_obs_only,2026-05-17 15:01:35,330432,750000,44.0576,220.281856223762,31.74478424994169,16.65922484,0.0327727310359478,0.2982177734375,-4.361534705758094,-0.00693502265639836,3.030211368575692,0.7611592411994934,0.0003,800.0,1.0377024412155151,0.03400957211852074,-0.07595817744731903,0.09882010519504547,decouple_nk_obs,3
decouple_nk_obs,n3pf_decouple_nearestk_obs_only,2026-05-17 15:06:35,395020,750000,52.669333333333334,219.4502976119671,26.95978723981782,21.120004859999998,0.034584686160087585,0.3008544921875,-4.394141986966133,-0.005724837235175073,1.812105237133801,0.8406740427017212,0.0003,960.0,1.0485762357711792,0.044146109372377396,-0.07128097116947174,0.1099504604935646,decouple_nk_obs,3
decouple_nk_obs,n3pf_decouple_nearestk_obs_only,2026-05-17 15:11:35,458656,750000,61.154133333333334,218.40146681323037,22.233061912014513,21.757390539999996,0.04756591096520424,0.35341796875,-4.416666096448898,0.003813575822277926,3.0415848061442374,0.74448561668396,0.0003,1110.0,1.0577888488769531,0.05314488336443901,-0.05637619271874428,0.12426538020372391,decouple_nk_obs,3
decouple_nk_obs,n3pf_decouple_nearestk_obs_only,2026-05-17 15:16:35,522120,750000,69.616,217.54366423202814,17.458564069919877,21.17298658,0.04553022235631943,0.349462890625,-4.536718171834946,-0.015688797821349,1.1098168614320456,0.8520594239234924,0.0003,1270.0,1.0970001220703125,0.09031135588884354,-0.005306572653353214,0.14567704498767853,decouple_nk_obs,3
decouple_nk_obs,n3pf_decouple_nearestk_obs_only,2026-05-17 15:21:37,585732,750000,78.0976,216.81546477614984,12.627328049807836,20.745563,0.04921714961528778,0.3289306640625,-4.627514266967774,-0.014520600011746865,1.7445148246362805,0.8122488856315613,0.0003,1430.0,1.129437804222107,0.11804735660552979,-0.0021550918463617563,0.19776947796344757,decouple_nk_obs,3
decouple_nk_obs,n3pf_decouple_nearestk_obs_only,2026-05-17 15:26:37,650412,750000,86.7216,216.69334568101834,7.6596722192073905,16.5603647,0.050454992800951004,0.3341552734375,-4.688886308670044,-0.0011909065186046063,3.9597549196332693,0.5412216186523438,0.0003,1580.0,1.1637067794799805,0.14525948464870453,0.0009928258368745446,0.2773056626319885,decouple_nk_obs,3
decouple_nk_obs,n3pf_decouple_nearestk_obs_only,2026-05-17 15:31:37,714764,750000,95.30186666666667,216.49401214668774,2.7126231383654074,20.124371779999997,0.04488172009587288,0.304345703125,-4.859825101494789,-0.005945758483721875,3.923310899734497,0.5799194574356079,0.0003,1740.0,1.2342172861099243,0.20323169231414795,0.042320165783166885,0.3341914415359497,decouple_nk_obs,3
decouple_deepsets_gpsi,n3pf_decouple_deepsets_gpsi,2026-05-17 14:41:31,64336,750000,8.578133333333334,214.44537205925752,53.28971767306555,11.66548916,0.01325162686407566,0.1357177734375,-4.13907752931118,-0.004333973339817021,3.808497203886509,0.6092894077301025,0.0003,150.0,0.9645741581916809,-0.03834753483533859,-0.12908466160297394,0.033969126641750336,decouple_deepsets_gpsi,0
decouple_deepsets_gpsi,n3pf_decouple_deepsets_gpsi,2026-05-17 14:46:31,128380,750000,17.117333333333335,213.96025631610325,48.42176538631107,16.11867612,0.01882372796535492,0.1870361328125,-4.101800742745399,-0.007504953474563081,4.11536493524909,0.6480573415756226,0.0003,310.0,0.9525286555290222,-0.0508715994656086,-0.13318343460559845,0.030711419880390167,decouple_deepsets_gpsi,0
decouple_deepsets_gpsi,n3pf_decouple_deepsets_gpsi,2026-05-17 14:51:31,193644,750000,25.8192,215.1554836354341,43.09720506920368,17.55057704,0.022812891751527786,0.24599609375,-4.201493981480598,-0.00639321279595606,4.284901900589466,0.6151152849197388,0.0003,470.0,0.9899336695671082,-0.014190015383064747,-0.1066378802061081,0.1072516217827797,decouple_deepsets_gpsi,0
decouple_deepsets_gpsi,n3pf_decouple_deepsets_gpsi,2026-05-17 14:56:31,258244,750000,34.43253333333333,215.19902923713582,38.0853638717019,22.489847779999995,0.02597839944064617,0.2354248046875,-4.177870193123818,-0.0034605833527166395,4.3620639480650425,0.5245082378387451,0.0003,630.0,0.9791390299797058,-0.024357087910175323,-0.1000598818063736,0.0868879184126854,decouple_deepsets_gpsi,0
decouple_deepsets_gpsi,n3pf_decouple_deepsets_gpsi,2026-05-17 15:01:31,320808,750000,42.7744,213.8677552826032,33.44683723148361,21.65104168,0.021800391376018524,0.26484375,-4.242777565121651,0.001649088984413538,4.784092742949724,0.45843756198883057,0.0003,780.0,0.9995619654655457,-0.0032619338016957045,-0.06433483958244324,0.10170106589794159,decouple_deepsets_gpsi,0
decouple_deepsets_gpsi,n3pf_decouple_deepsets_gpsi,2026-05-17 15:06:31,383948,750000,51.19306666666667,213.29976889821492,28.602312595931387,22.829388900000005,0.028269318863749504,0.2636962890625,-4.33067509829998,0.0018965305760502815,4.589376145601273,0.4770433306694031,0.0003,930.0,1.0295953750610352,0.02522803284227848,-0.05002869665622711,0.14861345291137695,decouple_deepsets_gpsi,0
decouple_deepsets_gpsi,n3pf_decouple_deepsets_gpsi,2026-05-17 15:11:31,446940,750000,59.592,212.82450081530033,23.733169727406096,23.778061239999996,0.022264402359724045,0.2418212890625,-4.430642396211624,-0.0020169063893263227,3.8810835435986517,0.57710200548172,0.0003,1090.0,1.063329815864563,0.05823502317070961,-0.0046889400109648705,0.16956792771816254,decouple_deepsets_gpsi,0
decouple_deepsets_gpsi,n3pf_decouple_deepsets_gpsi,2026-05-17 15:16:31,511808,750000,68.24106666666667,213.2493387782008,18.616079606210167,23.27799802,0.02721194177865982,0.256494140625,-4.478641167283058,-0.0005072364932857454,4.461684215068817,0.43528324365615845,0.0003,1240.0,1.0859445333480835,0.07566926628351212,-0.015684397891163826,0.23793569207191467,decouple_deepsets_gpsi,0
decouple_deepsets_gpsi,n3pf_decouple_deepsets_gpsi,2026-05-17 15:21:31,575172,750000,76.6896,213.02223490339355,13.678384330731578,24.20013364,0.027210094034671783,0.299267578125,-4.635218167304993,0.0025948295908165163,3.4762874469161034,0.6379258632659912,0.0003,1400.0,1.1425719261169434,0.1280776709318161,0.02584267407655716,0.26604053378105164,decouple_deepsets_gpsi,0
decouple_deepsets_gpsi,n3pf_decouple_deepsets_gpsi,2026-05-17 15:26:33,638980,750000,85.19733333333333,212.8524207974373,8.693034011082345,25.47398148,0.02280956320464611,0.2408203125,-4.745909631252289,0.004527857850189321,4.383472289144993,0.5613569021224976,0.0003,1560.0,1.1833101511001587,0.16561628878116608,0.08511164784431458,0.26226338744163513,decouple_deepsets_gpsi,0
decouple_deepsets_gpsi,n3pf_decouple_deepsets_gpsi,2026-05-17 15:31:33,703576,750000,93.81013333333334,213.07639667761168,3.6312484413935597,21.217516220000004,0.02062535658478737,0.2008544921875,-4.833013287186622,-0.002021930996852461,2.9300892531871794,0.6337189674377441,0.0003,1710.0,1.217552661895752,0.19287340342998505,0.0811161994934082,0.2995752990245819,decouple_deepsets_gpsi,0
decouple_deepsets_obs,n3pf_decouple_deepsets_obs_only,2026-05-17 14:41:31,65216,750000,8.695466666666666,217.37913254312727,52.50304632806626,9.63814016,0.012971174903213978,0.1336181640625,-4.081154724955558,-0.009277429468056653,2.072361604124308,0.8206884860992432,0.0003,150.0,0.9432584643363953,-0.059992626309394836,-0.13339366018772125,0.0034866041969507933,decouple_deepsets_obs,2
decouple_deepsets_obs,n3pf_decouple_deepsets_obs_only,2026-05-17 14:46:31,127956,750000,17.0608,213.25442082333063,48.61517036774028,14.57699862,0.02077137678861618,0.2196044921875,-4.0785273849964145,-0.008618785461294465,1.6397295031696557,0.8481739163398743,0.0003,310.0,0.9445402026176453,-0.05909809470176697,-0.13787300884723663,0.018698805943131447,decouple_deepsets_obs,2
decouple_deepsets_obs,n3pf_decouple_deepsets_obs_only,2026-05-17 14:51:31,192516,750000,25.6688,213.88653266905024,43.44079023608616,23.991749440000003,0.02327314391732216,0.2289306640625,-4.032061925530433,-0.0008869539175066166,2.0263128904625773,0.7445417642593384,0.0003,470.0,0.9300052523612976,-0.07641255855560303,-0.18499383330345154,0.030064046382904053,decouple_deepsets_obs,2
decouple_deepsets_obs,n3pf_decouple_deepsets_obs_only,2026-05-17 14:56:31,257520,750000,34.336,214.58339171255787,38.25086337993441,20.211519780000003,0.029413223266601562,0.257958984375,-4.012921106815338,-0.0010436842931085266,3.648989087343216,0.6132277250289917,0.0003,620.0,0.920604407787323,-0.08608134835958481,-0.19167745113372803,0.008772430941462517,decouple_deepsets_obs,2
decouple_deepsets_obs,n3pf_decouple_deepsets_obs_only,2026-05-17 15:01:31,319568,750000,42.60906666666666,213.03148336272696,33.67514769848259,16.12434732,0.033008866012096405,0.291650390625,-3.996114021539688,-0.006172580787097104,2.2982124477624892,0.756438136100769,0.0003,780.0,0.9152633547782898,-0.0916031002998352,-0.1764971911907196,0.011672772467136383,decouple_deepsets_obs,2
decouple_deepsets_obs,n3pf_decouple_deepsets_obs_only,2026-05-17 15:06:31,382760,750000,51.034666666666666,212.63269664378183,28.78516222234845,18.62080314,0.04309330880641937,0.2969482421875,-3.890598677098751,-0.0035942569367762188,1.0498050244525075,0.9056025743484497,0.0003,930.0,0.8862555623054504,-0.12376240640878677,-0.19217687845230103,-0.016141308471560478,decouple_deepsets_obs,2
decouple_deepsets_obs,n3pf_decouple_deepsets_obs_only,2026-05-17 15:11:31,443288,750000,59.105066666666666,211.0781345306924,24.217888214865578,20.16898288,0.03535289689898491,0.3152587890625,-3.89925851970911,0.0043572852926445195,3.8713374942541123,0.7119259834289551,0.0003,1080.0,0.8910571932792664,-0.11777610331773758,-0.19115719199180603,-0.024635065346956253,decouple_deepsets_obs,2
decouple_deepsets_obs,n3pf_decouple_deepsets_obs_only,2026-05-17 15:16:31,506428,750000,67.52373333333334,211.00092984623785,19.23940968550056,23.16795686,0.03459436818957329,0.278759765625,-3.9644374802708624,0.0004539994755759835,2.1244931742548943,0.8274323344230652,0.0003,1230.0,0.9094719886779785,-0.09723526239395142,-0.14729805290699005,-0.0011645336635410786,decouple_deepsets_obs,2
decouple_deepsets_obs,n3pf_decouple_deepsets_obs_only,2026-05-17 15:21:33,569348,750000,75.91306666666667,210.73244989714607,14.287627122145665,20.25626926,0.03260054811835289,0.2810791015625,-4.061780586838722,-0.0035835651535307987,1.6360918207094073,0.8150420188903809,0.0003,1390.0,0.9353463053703308,-0.06987833976745605,-0.12562662363052368,0.039436932653188705,decouple_deepsets_obs,2
decouple_deepsets_obs,n3pf_decouple_deepsets_obs_only,2026-05-17 15:26:33,632620,750000,84.34933333333333,210.74965464571704,9.282735654404977,18.55772804,0.033688269555568695,0.288916015625,-4.031711375713348,0.006442563645396149,2.712652753293514,0.7527732253074646,0.0003,1540.0,0.9312555193901062,-0.0736078992486,-0.1305115818977356,0.022860804572701454,decouple_deepsets_obs,2
decouple_deepsets_obs,n3pf_decouple_deepsets_obs_only,2026-05-17 15:31:33,694908,750000,92.6544,210.46573082774157,4.362705493140414,12.45804842,0.021031495183706284,0.199365234375,-4.056964531540871,-0.006369428234756924,1.8531219996511936,0.8115630149841309,0.0003,1690.0,0.9394394755363464,-0.06668803095817566,-0.15984958410263062,0.05719258636236191,decouple_deepsets_obs,2
decouple_deepsets_gpsi,n3pf_decouple_deepsets_gpsi,2026-05-17 14:41:35,65224,750000,8.696533333333333,217.4107284640135,52.49480287364217,10.39902286,0.016359083354473114,0.1502685546875,-4.128454050421714,-0.010453465893806423,0.7995788322761654,0.934230625629425,0.0003,150.0,0.9568076729774475,-0.044733498245477676,-0.09310693293809891,-0.01937122456729412,decouple_deepsets_gpsi,2
decouple_deepsets_gpsi,n3pf_decouple_deepsets_gpsi,2026-05-17 14:46:35,129412,750000,17.254933333333334,215.68424986514967,47.954977425565744,11.56305006,0.023314926773309708,0.1953857421875,-4.092213299870491,-0.006740397422981914,2.5403897508978845,0.826202392578125,0.0003,310.0,0.9471147656440735,-0.055309128016233444,-0.11633456498384476,-0.01239517517387867,decouple_deepsets_gpsi,2
decouple_deepsets_gpsi,n3pf_decouple_deepsets_gpsi,2026-05-17 14:51:35,193836,750000,25.8448,215.36860910036617,43.039698490508755,18.47849794,0.031192682683467865,0.2758056640625,-4.087658753991127,-0.006824707530904561,3.0711879283189774,0.7154794931411743,0.0003,470.0,0.9433600306510925,-0.05932091176509857,-0.11273999512195587,-0.00266823498532176,decouple_deepsets_gpsi,2
decouple_deepsets_gpsi,n3pf_decouple_deepsets_gpsi,2026-05-17 14:56:35,257840,750000,34.37866666666667,214.86262526418093,38.176330837348786,15.4760704,0.025938481092453003,0.236767578125,-4.149217572808266,-0.005538448797597084,2.218162736296654,0.8110910654067993,0.0003,620.0,0.9669753909111023,-0.035792309790849686,-0.09749298542737961,0.055835675448179245,decouple_deepsets_gpsi,2
decouple_deepsets_gpsi,n3pf_decouple_deepsets_gpsi,2026-05-17 15:01:35,318588,750000,42.4784,212.3884805684641,33.85400178369004,15.782712159999999,0.043665532022714615,0.3218505859375,-4.176659294962883,0.0007232540869154036,1.4219679156318308,0.8504292368888855,0.0003,770.0,0.9781282544136047,-0.025361783802509308,-0.12250460684299469,0.07476312667131424,decouple_deepsets_gpsi,2
decouple_deepsets_gpsi,n3pf_decouple_deepsets_gpsi,2026-05-17 15:06:35,379152,750000,50.5536,210.63501590175355,29.343649124715853,14.21704632,0.02005523070693016,0.2326904296875,-4.116037186980248,-0.007590197204262949,1.8870571698993444,0.8632295727729797,0.0003,920.0,0.9583139419555664,-0.04736781120300293,-0.161259263753891,0.07723107933998108,decouple_deepsets_gpsi,2
decouple_deepsets_gpsi,n3pf_decouple_deepsets_gpsi,2026-05-17 15:11:35,439856,750000,58.647466666666666,209.449553281528,24.679291913880355,20.974281660000003,0.036524973809719086,0.316845703125,-4.103421640396118,0.0037639773538103325,2.6971285615116356,0.7814537882804871,0.0003,1070.0,0.9579539895057678,-0.04955847188830376,-0.183308407664299,0.0967053547501564,decouple_deepsets_gpsi,2
decouple_deepsets_gpsi,n3pf_decouple_deepsets_gpsi,2026-05-17 15:16:35,501880,750000,66.91733333333333,209.11154173204045,19.77572973295003,21.838053259999995,0.026560930535197258,0.2453369140625,-4.221192148327828,-0.0020154777237621603,3.382240782678127,0.7141750454902649,0.0003,1220.0,0.9976416230201721,-0.00922935176640749,-0.15201996266841888,0.13518300652503967,decouple_deepsets_gpsi,2
decouple_deepsets_gpsi,n3pf_decouple_deepsets_gpsi,2026-05-17 15:21:38,565252,750000,75.36693333333334,209.1472184202949,14.722325052134403,20.97977738,0.031830333173274994,0.29912109375,-4.303770411014557,-0.004949778545415029,3.084868049249053,0.6121543645858765,0.0003,1380.0,1.0244333744049072,0.01564168371260166,-0.14143036305904388,0.17772865295410156,decouple_deepsets_gpsi,2
decouple_deepsets_gpsi,n3pf_decouple_deepsets_gpsi,2026-05-17 15:26:38,627724,750000,83.69653333333333,209.05637966305144,9.748247513986376,22.020769700000002,0.03244992718100548,0.2680908203125,-4.3610775411129,-0.0019805464311502875,3.194817768037319,0.7035877704620361,0.0003,1530.0,1.0409330129623413,0.033463601022958755,-0.11018330603837967,0.1728261113166809,decouple_deepsets_gpsi,2
decouple_deepsets_gpsi,n3pf_decouple_deepsets_gpsi,2026-05-17 15:31:38,692128,750000,92.28373333333333,209.56643265518315,4.602518261692984,22.588276780000005,0.03275126591324806,0.2945068359375,-4.465108665823936,0.003943025466287509,3.3752269305288793,0.6478404998779297,0.0003,1680.0,1.0841777324676514,0.0726284608244896,-0.08074797689914703,0.23243440687656403,decouple_deepsets_gpsi,2
decouple_nk_gpsi,n3pf_decouple_nearestk_gpsi,2026-05-17 14:41:37,66388,750000,8.851733333333334,221.28770411322836,51.4874216757362,13.987875979999998,0.01943610981106758,0.1978759765625,-4.088715270161629,-0.0075641716452082616,2.175206918269396,0.6703156232833862,0.0003,160.0,0.947165310382843,-0.0556400828063488,-0.12275270372629166,0.004610870499163866,decouple_nk_gpsi,3
decouple_nk_gpsi,n3pf_decouple_nearestk_gpsi,2026-05-17 14:46:37,130836,750000,17.4448,218.05627674491734,47.32448042333427,8.10585758,0.028390387073159218,0.300732421875,-4.150149044394493,-0.006908796841162257,2.243894790485501,0.7809232473373413,0.0003,310.0,0.9663059711456299,-0.03597504273056984,-0.09974135458469391,0.040868572890758514,decouple_nk_gpsi,3
decouple_nk_gpsi,n3pf_decouple_nearestk_gpsi,2026-05-17 14:51:37,195048,750000,26.0064,216.7153554765454,42.679024657304545,9.99612424,0.026088694110512733,0.273046875,-4.142558288574219,-0.009268171864096075,1.1744924075901508,0.8974193930625916,0.0003,470.0,0.9669402241706848,-0.03852197527885437,-0.1568964272737503,0.08530879020690918,decouple_nk_gpsi,3
decouple_nk_gpsi,n3pf_decouple_nearestk_gpsi,2026-05-17 14:56:38,258052,750000,34.406933333333335,214.85942054516943,38.160455392318475,15.633188700000003,0.03467366844415665,0.354345703125,-4.071517986059189,-0.001389557599031832,0.7838126147165895,0.9070388078689575,0.0003,630.0,0.9426504969596863,-0.06328636407852173,-0.17300927639007568,0.0518241748213768,decouple_nk_gpsi,3
decouple_nk_gpsi,n3pf_decouple_nearestk_gpsi,2026-05-17 15:01:38,319316,750000,42.575466666666664,212.73117194693455,33.74242994560865,12.317531379999998,0.022229259833693504,0.2562255859375,-4.0894189268350605,-0.006476161169121042,0.37093030819669365,0.9590383768081665,0.0003,770.0,0.9486176371574402,-0.05569738149642944,-0.15594574809074402,0.03144332766532898,decouple_nk_gpsi,3
decouple_nk_gpsi,n3pf_decouple_nearestk_gpsi,2026-05-17 15:06:40,380932,750000,50.790933333333335,211.3108757201721,29.109402497006148,16.40608494,0.03112918883562088,0.299853515625,-4.072327941656113,-0.010654422033985611,0.4074048444163054,0.9230824708938599,0.0003,930.0,0.9436443448066711,-0.059002768248319626,-0.12232007086277008,-0.02339005097746849,decouple_nk_gpsi,3
decouple_nk_gpsi,n3pf_decouple_nearestk_gpsi,2026-05-17 15:11:41,442372,750000,58.982933333333335,210.2395218180198,24.387105188392237,20.3153457,0.02825629897415638,0.2993408203125,-4.158168298006058,-0.013160315547429491,0.2959817693568766,0.967903196811676,0.0003,1080.0,0.96620112657547,-0.035656046122312546,-0.10608935356140137,0.011308676563203335,decouple_nk_gpsi,3
decouple_nk_gpsi,n3pf_decouple_nearestk_gpsi,2026-05-17 15:16:41,505076,750000,67.34346666666667,210.08527595586543,19.43052242996898,17.09955062,0.05063667520880699,0.335888671875,-4.207282394170761,-0.0026857091652345844,2.208777478151023,0.8327012658119202,0.0003,1230.0,0.9851577877998352,-0.016730966046452522,-0.09642039984464645,0.04783157259225845,decouple_nk_gpsi,3
decouple_nk_gpsi,n3pf_decouple_nearestk_gpsi,2026-05-17 15:21:41,567096,750000,75.6128,209.7120082945879,14.536125159403527,17.7362114,0.040898412466049194,0.331201171875,-4.352884769439697,-0.005218148991116322,1.3206197356805205,0.8873853087425232,0.0003,1380.0,1.035338044166565,0.03323940932750702,-0.027476932853460312,0.1045818030834198,decouple_nk_gpsi,3
decouple_nk_gpsi,n3pf_decouple_nearestk_gpsi,2026-05-17 15:26:41,628720,750000,83.82933333333334,209.28152223071268,9.658441470551846,16.46835158,0.030757427215576172,0.2578857421875,-4.43066181242466,-0.012288377897493773,0.30499432659707965,0.9788442254066467,0.0003,1530.0,1.0604404211044312,0.057764749974012375,0.025684159249067307,0.11807940155267715,decouple_nk_gpsi,3
decouple_nk_gpsi,n3pf_decouple_nearestk_gpsi,2026-05-17 15:31:41,690868,750000,92.11573333333334,209.08846123552743,4.713475471146065,16.45995576,0.04957130551338196,0.3195556640625,-4.48047921359539,-0.009103018513997085,1.3567284651100635,0.924543559551239,0.0003,1680.0,1.082208514213562,0.07680649310350418,0.01881791092455387,0.16890831291675568,decouple_nk_gpsi,3
decouple_deepsets_gpsi,n3pf_decouple_deepsets_gpsi,2026-05-17 14:41:36,65540,750000,8.738666666666667,216.84123456676028,52.608382761971946,10.1914799,0.014512576162815094,0.149267578125,-4.075719574093819,-0.0056822342870873396,2.6712310932576657,0.7794067859649658,0.0003,160.0,0.9419522285461426,-0.06149493530392647,-0.14301879703998566,-0.00803431123495102,decouple_deepsets_gpsi,1
decouple_deepsets_gpsi,n3pf_decouple_deepsets_gpsi,2026-05-17 14:46:36,130244,750000,17.365866666666665,216.26113629506904,47.76293532728554,15.95723728,0.021619951352477074,0.2366943359375,-4.045591160655022,-0.004749095615989063,1.770376417785883,0.7545574903488159,0.0003,310.0,0.9324396252632141,-0.0720505341887474,-0.1605411320924759,-0.0055757868103682995,decouple_deepsets_gpsi,1
decouple_deepsets_gpsi,n3pf_decouple_deepsets_gpsi,2026-05-17 14:51:36,195508,750000,26.067733333333333,216.68634786924633,42.64935665863866,16.59314346,0.027834642678499222,0.2688232421875,-4.0798440128564835,-0.0042148375738179315,2.9234726067632435,0.8097407817840576,0.0003,470.0,0.9445825219154358,-0.05922189727425575,-0.1539921909570694,-0.010144101455807686,decouple_deepsets_gpsi,1
decouple_deepsets_gpsi,n3pf_decouple_deepsets_gpsi,2026-05-17 14:56:36,260004,750000,34.6672,216.26135071295488,37.76264215994647,14.98696432,0.021522583439946175,0.2534912109375,-4.0344882130622866,-0.0043791686919576025,1.2140036191791297,0.9160802364349365,0.0003,630.0,0.9321314692497253,-0.075471431016922,-0.21326440572738647,0.033032290637493134,decouple_deepsets_gpsi,1
decouple_deepsets_gpsi,n3pf_decouple_deepsets_gpsi,2026-05-17 15:01:36,321496,750000,42.86613333333333,214.00701001800647,33.37149251668173,15.13102346,0.03256480395793915,0.290966796875,-4.066984736919403,-0.0009026731277117506,2.7995112407952547,0.849054753780365,0.0003,780.0,0.9451196789741516,-0.059875618666410446,-0.16934925317764282,0.03232083097100258,decouple_deepsets_gpsi,1
decouple_deepsets_gpsi,n3pf_decouple_deepsets_gpsi,2026-05-17 15:06:36,383280,750000,51.104,212.6639596075811,28.74017774933839,16.3916633,0.030531439930200577,0.2774169921875,-4.061237835884095,0.0006799475027946756,1.3597719522193075,0.8986031413078308,0.0003,930.0,0.9410545825958252,-0.06451532989740372,-0.18436823785305023,0.021757323294878006,decouple_deepsets_gpsi,1
decouple_deepsets_gpsi,n3pf_decouple_deepsets_gpsi,2026-05-17 15:11:36,443652,750000,59.1536,211.03299658700735,24.19432071086057,17.36364472,0.04065338522195816,0.303955078125,-4.156005147099495,-0.0030895452611730432,1.55858906917274,0.8550913333892822,0.0003,1080.0,0.9698610305786133,-0.03452852740883827,-0.15648461878299713,0.05494427680969238,decouple_deepsets_gpsi,1
decouple_deepsets_gpsi,n3pf_decouple_deepsets_gpsi,2026-05-17 15:16:36,504840,750000,67.312,210.14875850559648,19.443369682772527,15.251778940000001,0.026099178940057755,0.29921875,-4.18397707939148,-0.0075240459336782806,0.5238312027882784,0.941798985004425,0.0003,1230.0,0.9790099263191223,-0.024663826450705528,-0.14033691585063934,0.055303484201431274,decouple_deepsets_gpsi,1
decouple_deepsets_gpsi,n3pf_decouple_deepsets_gpsi,2026-05-17 15:21:36,565552,750000,75.40693333333333,209.28534732743756,14.688717450074016,9.422637680000001,0.026629311963915825,0.2952880859375,-4.17651558816433,-0.004529123409884051,0.34606705722399056,0.9580255746841431,0.0003,1380.0,0.9800577163696289,-0.025541184470057487,-0.1639985740184784,0.08871228247880936,decouple_deepsets_gpsi,1
decouple_deepsets_gpsi,n3pf_decouple_deepsets_gpsi,2026-05-17 15:26:36,626492,750000,83.53226666666667,208.66955433584113,9.864719715429535,17.735552499999997,0.028843700885772705,0.2585693359375,-4.0411320447921755,-0.009056992242403795,0.5727230621501803,0.9558143615722656,0.0003,1520.0,0.938971221446991,-0.07193249464035034,-0.25903424620628357,0.05875452980399132,decouple_deepsets_gpsi,1
decouple_deepsets_gpsi,n3pf_decouple_deepsets_gpsi,2026-05-17 15:31:36,687056,750000,91.60746666666667,208.05259104398522,5.042314836852378,13.143385559999999,0.0361250638961792,0.3338623046875,-4.041134703159332,-0.0053914578733383674,0.49496790058910844,0.9498146176338196,0.0003,1670.0,0.9403406977653503,-0.07176545262336731,-0.27557969093322754,0.05599769949913025,decouple_deepsets_gpsi,1
decouple_deepsets_gpsi,n3pf_decouple_deepsets_gpsi,2026-05-17 15:36:36,749240,750000,99.89866666666667,207.98808216699246,0.060900925354447334,19.75424176,0.03179434314370155,0.295751953125,-4.085647603869438,-0.00505445711169159,1.007834936492145,0.9137001037597656,0.0003,1820.0,0.9533247947692871,-0.0565672367811203,-0.24400970339775085,0.06471771001815796,decouple_deepsets_gpsi,1
decouple_deepsets_obs,n3pf_decouple_deepsets_obs_only,2026-05-17 14:46:38,64028,750000,8.537066666666666,213.4249114918835,53.56856698099863,7.85226176,0.014333630912005901,0.126513671875,-4.079559263586998,-0.010665323631837965,1.2631297934800387,0.9058098793029785,0.0003,150.0,0.9455985426902771,-0.059183940291404724,-0.17217877507209778,0.015579688362777233,decouple_deepsets_obs,3
decouple_deepsets_obs,n3pf_decouple_deepsets_obs_only,2026-05-17 14:51:38,129780,750000,17.304,216.29684998212184,47.79080232030383,12.83989276,0.022888628765940666,0.22626953125,-4.086351284384728,-0.002608338260324672,2.862501969560981,0.5649283528327942,0.0003,310.0,0.9494659304618835,-0.056057050824165344,-0.18213924765586853,0.0368054062128067,decouple_deepsets_obs,3
decouple_deepsets_obs,n3pf_decouple_deepsets_obs_only,2026-05-17 14:56:38,194844,750000,25.9792,216.49044608566027,42.73906847759443,14.119383400000002,0.02251867949962616,0.24833984375,-4.1211675107479095,-0.005301280067942571,2.324664568528533,0.7952894568443298,0.0003,470.0,0.9656055569648743,-0.04368988797068596,-0.21706749498844147,0.10540855675935745,decouple_deepsets_obs,3
decouple_deepsets_obs,n3pf_decouple_deepsets_obs_only,2026-05-17 15:01:38,257268,750000,34.3024,214.3858854847391,38.305693406222765,15.722615499999996,0.025077011436223984,0.296435546875,-4.208207136392593,-0.00048601831367705016,2.043167390674353,0.765769362449646,0.0003,620.0,0.9940759539604187,-0.015862494707107544,-0.1873444765806198,0.1578993797302246,decouple_deepsets_obs,3
decouple_deepsets_obs,n3pf_decouple_deepsets_obs_only,2026-05-17 15:06:38,320228,750000,42.697066666666665,213.4809834688195,33.552715329854465,20.6857838,0.02698434144258499,0.2664794921875,-4.264039689302445,0.0010695690740249119,2.616590117663145,0.7401085495948792,0.0003,780.0,1.0136958360671997,0.003710458753630519,-0.15232212841510773,0.18708880245685577,decouple_deepsets_obs,3
decouple_deepsets_obs,n3pf_decouple_deepsets_obs_only,2026-05-17 15:11:38,382860,750000,51.048,212.69447925246587,28.76896486220885,19.35275148,0.030791563913226128,0.2701416015625,-4.315300253033638,-0.001990013776230626,2.9694177813827993,0.7267270684242249,0.0003,930.0,1.0277799367904663,0.020324774086475372,-0.0930996686220169,0.18271222710609436,decouple_deepsets_obs,3
decouple_deepsets_obs,n3pf_decouple_deepsets_obs_only,2026-05-17 15:16:38,446608,750000,59.54773333333333,212.66519333775466,23.7769672317865,24.989879600000005,0.02377801015973091,0.20908203125,-4.333039712905884,-0.0018013132212217897,2.887739178352058,0.7426584959030151,0.0003,1090.0,1.0388002395629883,0.028961822390556335,-0.09080812335014343,0.214873269200325,decouple_deepsets_obs,3
decouple_deepsets_obs,n3pf_decouple_deepsets_obs_only,2026-05-17 15:21:38,510644,750000,68.08586666666666,212.76338028962044,18.74978044265111,18.825646400000004,0.034086648374795914,0.3005859375,-4.470679077506065,0.002271024908986874,3.702938599511981,0.5842208862304688,0.0003,1240.0,1.0898488759994507,0.07178141921758652,-0.0860021710395813,0.30213090777397156,decouple_deepsets_obs,3
decouple_deepsets_obs,n3pf_decouple_deepsets_obs_only,2026-05-17 15:26:38,574124,750000,76.54986666666667,212.632976864118,13.785569434697221,21.85431268,0.027454731985926628,0.246630859375,-4.588298335671425,-0.004738684100448154,3.3246031805872915,0.6889880895614624,0.0003,1400.0,1.1365453004837036,0.11094252020120621,-0.05887791886925697,0.36313942074775696,decouple_deepsets_obs,3
decouple_deepsets_obs,n3pf_decouple_deepsets_obs_only,2026-05-17 15:31:38,639020,750000,85.20266666666667,213.00038763945997,8.683865260365383,22.537467380000002,0.03085530735552311,0.240087890625,-4.730785065889359,-0.0057096252610790545,2.144550414010882,0.7111423015594482,0.0003,1560.0,1.1884456872940063,0.15898746252059937,-0.00834485050290823,0.3808816969394684,decouple_deepsets_obs,3
decouple_deepsets_obs,n3pf_decouple_deepsets_obs_only,2026-05-17 15:36:39,704516,750000,93.93546666666667,213.4029923955692,3.552277585974498,19.7359834,0.024953532963991165,0.2497802734375,-4.824300137162209,-0.0017826466588303446,2.7709992617368697,0.6320116519927979,0.0003,1720.0,1.2185667753219604,0.1874556988477707,0.04753013700246811,0.38121336698532104,decouple_deepsets_obs,3
decouple_deepsets_gpsi,n3pf_decouple_deepsets_gpsi,2026-05-17 14:46:38,64320,750000,8.576,214.39112459177088,53.304445423104276,11.087884120000002,0.01564856618642807,0.1565185546875,-4.124232465028763,-0.005976811715663643,2.4303976364433764,0.7429729700088501,0.0003,150.0,0.9579820036888123,-0.04399682953953743,-0.10979846119880676,-0.010319032706320286,decouple_deepsets_gpsi,3
decouple_deepsets_gpsi,n3pf_decouple_deepsets_gpsi,2026-05-17 14:51:38,128640,750000,17.152,214.38953627603365,48.304596296464325,11.09424248,0.021844709292054176,0.2189208984375,-4.147912845015526,-0.007093547857948579,1.4082973459735513,0.8937232494354248,0.0003,310.0,0.9629073143005371,-0.03908613324165344,-0.10272900760173798,0.021600592881441116,decouple_deepsets_gpsi,3
decouple_deepsets_gpsi,n3pf_decouple_deepsets_gpsi,2026-05-17 14:56:38,191472,750000,25.5296,212.73934300340494,43.756833449706626,15.96577014,0.023641273379325867,0.23994140625,-4.129696854948998,-0.003045298921642825,2.6800814334303142,0.8482013940811157,0.0003,460.0,0.9588122367858887,-0.04577133432030678,-0.1688982993364334,0.01842067576944828,decouple_deepsets_gpsi,3
decouple_deepsets_gpsi,n3pf_decouple_deepsets_gpsi,2026-05-17 15:01:38,251328,750000,33.5104,209.43408702003285,39.68408446904355,13.24023946,0.03134830296039581,0.2877685546875,-4.107617968320847,-0.008747910342935938,2.0073585849255324,0.829785943031311,0.0003,610.0,0.9567772746086121,-0.04787132143974304,-0.16948337852954865,0.026758139953017235,decouple_deepsets_gpsi,3
decouple_deepsets_gpsi,n3pf_decouple_deepsets_gpsi,2026-05-17 15:06:38,312532,750000,41.67093333333333,208.3493372046892,34.99475175277512,11.33776546,0.03264188766479492,0.283056640625,-4.12187719643116,-0.006217300873686327,1.536108487099409,0.8636614680290222,0.0003,760.0,0.9601562023162842,-0.045801203697919846,-0.18960876762866974,0.0430077388882637,decouple_deepsets_gpsi,3
decouple_deepsets_gpsi,n3pf_decouple_deepsets_gpsi,2026-05-17 15:11:38,373600,750000,49.81333333333333,207.5490471218219,30.225787207065185,22.79731834,0.03196869045495987,0.26787109375,-4.160019344091415,0.0034674281734623945,3.1130366645753385,0.7670685052871704,0.0003,910.0,0.9739981293678284,-0.031634870916604996,-0.17787420749664307,0.05640721321105957,decouple_deepsets_gpsi,3
decouple_deepsets_gpsi,n3pf_decouple_deepsets_gpsi,2026-05-17 15:16:38,437356,750000,58.31413333333333,208.2586314244254,25.020491576716456,23.695756280000005,0.038302063941955566,0.305615234375,-4.242170113325119,0.002563246895442717,3.297103553265333,0.731515645980835,0.0003,1060.0,1.0056936740875244,-0.0014738142490386963,-0.17210865020751953,0.0997682586312294,decouple_deepsets_gpsi,3
decouple_deepsets_gpsi,n3pf_decouple_deepsets_gpsi,2026-05-17 15:21:38,500616,750000,66.7488,208.58376167241494,19.92676690972575,24.226458899999997,0.034836724400520325,0.255615234375,-4.326873981952668,0.0011665694863040698,3.6643741987645626,0.6169520616531372,0.0003,1220.0,1.0324872732162476,0.025794757530093193,-0.1272040158510208,0.13896162807941437,decouple_deepsets_gpsi,3
decouple_deepsets_gpsi,n3pf_decouple_deepsets_gpsi,2026-05-17 15:26:38,564324,750000,75.2432,209.002444237292,14.806525403533223,27.08234406,0.05194343626499176,0.3002685546875,-4.500608223676681,0.006339814628881868,3.049301991611719,0.6848348379135132,0.0003,1370.0,1.0887564420700073,0.07887318730354309,-0.05051456019282341,0.22007596492767334,decouple_deepsets_gpsi,3
decouple_deepsets_gpsi,n3pf_decouple_deepsets_gpsi,2026-05-17 15:31:38,627812,750000,83.70826666666666,209.2638375963287,9.731574695648199,22.86893278,0.04391637071967125,0.3495361328125,-4.650750249624252,0.0054824293445562946,2.893809985741973,0.6370745897293091,0.0003,1530.0,1.1460952758789062,0.13022583723068237,0.025983886793255806,0.2818894684314728,decouple_deepsets_gpsi,3
decouple_deepsets_gpsi,n3pf_decouple_deepsets_gpsi,2026-05-17 15:36:39,692228,750000,92.29706666666667,209.71325726188599,4.591348583481572,20.60996272,0.04316414147615433,0.302392578125,-4.796159157156945,0.0005171978031285107,2.7401266992092133,0.6795142292976379,0.0003,1690.0,1.2050741910934448,0.18081124126911163,0.08448126912117004,0.3284275233745575,decouple_deepsets_gpsi,3
decouple_deepsets_gpsi,n3pf_decouple_deepsets_gpsi,2026-05-17 18:09:40,66048,250000,26.4192,220.15695263414062,13.925822600576959,21.292141179999998,0.026563141494989395,0.26201171875,-5.044070100784301,-0.0032848000730155034,2.5636527873575687,0.690873384475708,0.0003,1990.0,1.3210655450820923,0.2679694592952728,0.09367897361516953,0.447948694229126,decouple_deepsets_gpsi,0
decouple_deepsets_gpsi,n3pf_decouple_deepsets_gpsi,2026-05-17 18:14:41,131932,250000,52.7728,219.88231853024894,8.949332593695079,22.79455992,0.020886054262518883,0.229296875,-5.017562967538834,-0.004295572727278341,1.811721372231841,0.7877289652824402,0.0003,2150.0,1.3085551261901855,0.2581288516521454,0.09402959048748016,0.4490636885166168,decouple_deepsets_gpsi,0
decouple_deepsets_gpsi,n3pf_decouple_deepsets_gpsi,2026-05-17 18:19:41,198416,250000,79.3664,220.45626625806543,3.899790865218284,24.745065359999998,0.020792070776224136,0.2150634765625,-5.033160409331321,0.002218381168495398,2.3389205707237126,0.7200227975845337,0.0003,2310.0,1.310333251953125,0.25783491134643555,0.08300404995679855,0.4634849727153778,decouple_deepsets_gpsi,0
decouple_deepsets_obs,n3pf_decouple_deepsets_obs_only,2026-05-17 18:09:44,65992,250000,26.3968,219.97179091524185,13.94178765940802,18.78509914,0.022350987419486046,0.1898681640625,-4.750028458237648,-0.006369377138616983,2.913726944476366,0.6239794492721558,0.0003,1990.0,1.1827832460403442,0.16389219462871552,0.040267203003168106,0.25174203515052795,decouple_deepsets_obs,0
decouple_deepsets_obs,n3pf_decouple_deepsets_obs_only,2026-05-17 18:14:44,132880,250000,53.152,221.4644504226369,8.814055692797895,22.637129379999998,0.026373982429504395,0.2463134765625,-4.844584906101227,-0.00027953560202149675,3.68838521912694,0.4748597741127014,0.0003,2150.0,1.2220885753631592,0.19761568307876587,0.08803092688322067,0.2534952759742737,decouple_deepsets_obs,0
decouple_deepsets_obs,n3pf_decouple_deepsets_obs_only,2026-05-17 18:19:44,199108,250000,79.6432,221.22737115915143,3.8340644539404805,20.816710360000002,0.02741668000817299,0.240478515625,-4.923771530389786,-0.0008288037497550249,4.239122333750129,0.5695629119873047,0.0003,2310.0,1.2615412473678589,0.22368353605270386,0.03460235893726349,0.3240830600261688,decouple_deepsets_obs,0
decouple_deepsets_gpsi,n3pf_decouple_deepsets_gpsi,2026-05-17 18:09:42,65756,250000,26.3024,219.17974772869783,14.010114370303537,20.13480946,0.03068171627819538,0.258544921875,-4.648981913924217,-0.0006219986491487362,3.1952304426580667,0.6461047530174255,0.0003,1990.0,1.1597293615341187,0.13603906333446503,-0.03737945854663849,0.33886218070983887,decouple_deepsets_gpsi,2
decouple_deepsets_gpsi,n3pf_decouple_deepsets_gpsi,2026-05-17 18:14:43,132252,250000,52.9008,220.41238956222287,8.903613225029977,25.22773064,0.03699159622192383,0.3072021484375,-4.819568008184433,-0.0007397880050120875,2.652527479827404,0.49367034435272217,0.0003,2150.0,1.2195439338684082,0.18919332325458527,0.04296012967824936,0.36923742294311523,decouple_deepsets_gpsi,2
decouple_deepsets_gpsi,n3pf_decouple_deepsets_gpsi,2026-05-17 18:19:43,198352,250000,79.3408,220.38378256494263,3.905913538562393,19.560548639999997,0.034300126135349274,0.2821533203125,-4.947670179605484,-0.0026725277421064675,2.1175336165353658,0.7159212827682495,0.0003,2310.0,1.2782931327819824,0.23359613120555878,0.0765032172203064,0.44087475538253784,decouple_deepsets_gpsi,2
decouple_deepsets_obs,n3pf_decouple_deepsets_obs_only,2026-05-17 18:09:46,65540,250000,26.216,216.98404568260318,14.168476413378164,19.52009396,0.03275684639811516,0.25791015625,-4.568051150441169,-0.002666845271596685,2.7860375490039586,0.7844370603561401,0.0003,1990.0,1.1276222467422485,0.10314533114433289,-0.12613368034362793,0.32657966017723083,decouple_deepsets_obs,1
decouple_deepsets_obs,n3pf_decouple_deepsets_obs_only,2026-05-17 18:14:46,131208,250000,52.4832,217.93485546165044,9.084671942322965,25.596569380000005,0.03484009951353073,0.2518798828125,-4.642786723375321,-0.0011311745751299896,2.2581340964883565,0.719988226890564,0.0003,2150.0,1.1677123308181763,0.13116157054901123,-0.15651333332061768,0.3815405070781708,decouple_deepsets_obs,1
decouple_deepsets_obs,n3pf_decouple_deepsets_obs_only,2026-05-17 18:19:46,197776,250000,79.1104,219.2478604833095,3.9699361174211334,20.939773879999997,0.027238544076681137,0.2463134765625,-4.707401147484779,0.0005721588451706339,3.7044807292521,0.6070661544799805,0.0003,2310.0,1.1959012746810913,0.15320785343647003,-0.1478053480386734,0.41007062792778015,decouple_deepsets_obs,1
decouple_deepsets_obs,n3pf_decouple_deepsets_obs_only,2026-05-17 18:09:46,65056,250000,26.0224,216.84827787063017,14.214546826324964,20.26277646,0.03871437907218933,0.2973876953125,-4.1135337322950365,0.0014529525069519877,3.3509972129017114,0.7587761878967285,0.0003,1980.0,0.9589547514915466,-0.04793347790837288,-0.18336760997772217,0.08575621992349625,decouple_deepsets_obs,2
decouple_deepsets_obs,n3pf_decouple_deepsets_obs_only,2026-05-17 18:14:46,130600,250000,52.24,217.6618356229899,9.142622519488722,21.76961472,0.03436999395489693,0.293701171875,-4.156900957226753,0.0022920041577890516,1.6261899590492248,0.8173685073852539,0.0003,2140.0,0.9754406809806824,-0.03191623091697693,-0.18342505395412445,0.10783983767032623,decouple_deepsets_obs,2
decouple_deepsets_obs,n3pf_decouple_deepsets_obs_only,2026-05-17 18:19:46,196108,250000,78.4432,217.8934937616666,4.12219743000889,24.003572199999997,0.03330074995756149,0.2900390625,-4.282500237226486,-0.00018634264124557377,1.8717379249632358,0.8569613099098206,0.0003,2300.0,1.0245999097824097,0.013758097775280476,-0.1699332296848297,0.18671362102031708,decouple_deepsets_obs,2
decouple_deepsets_gpsi,n3pf_decouple_deepsets_gpsi,2026-05-17 18:09:41,62540,250000,25.016,208.46629820740444,14.987234676297243,17.10139908,0.04450457543134689,0.333447265625,-4.217746922373772,0.0011269893308053724,1.9927553527057171,0.8375867009162903,0.0003,1980.0,0.999596118927002,-0.008882281370460987,-0.19303542375564575,0.11082365363836288,decouple_deepsets_gpsi,1
decouple_deepsets_gpsi,n3pf_decouple_deepsets_gpsi,2026-05-17 18:14:41,125656,250000,50.2624,209.4195740955195,9.895923095778748,19.21203164,0.04640645533800125,0.27958984375,-4.339788353443145,-0.006304702190391254,0.41609796569682655,0.9481465220451355,0.0003,2130.0,1.032882571220398,0.02561180479824543,-0.13986645638942719,0.12463688850402832,decouple_deepsets_gpsi,1
decouple_deepsets_gpsi,n3pf_decouple_deepsets_gpsi,2026-05-17 18:19:41,189408,250000,75.7632,210.44466662516234,4.798727774201142,20.35780332,0.04414218291640282,0.339404296875,-4.450898829102516,-0.0006243302021175623,2.4935116831213238,0.7810089588165283,0.0003,2290.0,1.0806260108947754,0.07140505313873291,-0.08479876071214676,0.17330510914325714,decouple_deepsets_gpsi,1
